Unit,Latitude_WGS84,Longitude_WGS84,Authorship,Area_Toponym,Dom_Veg_Height,Percent_Vis,Farm,Soil,Background_Dist,Sherd_Crusting,Surf_Clast_Size,Quantity,Bone_Shell,Glass,Metal,Other,Pottery,Stone_Lithics,Terra_Cotta,Prehistoric,Class_Hellen,Roman,Late_Roman,Medieval
Unit 1,34.98180989,33.70600098,David K. Pettegrew,Koutsopetria/Paleokastro,<= knee,40,Plowed,Compacted,Moderate,None,Coarse Gravel (75-19mm),44,0,2,0,1,40,1,0,0,0,2,23,1
Unit 2,34.98180736,33.70643919,David K. Pettegrew,Koutsopetria/Paleokastro,<= ankle,40,Plowed,Compacted,Moderate,Light,Coarse Gravel (75-19mm),64,0,2,0,0,58,4,0,0,0,1,34,1
Unit 3,34.98180484,33.70687741,David K. Pettegrew,Koutsopetria/Paleokastro,<= ankle,40,,,,,,59,0,1,0,1,55,2,0,0,0,9,26,0
Unit 4,34.98180231,33.70731563,David K. Pettegrew,Koutsopetria/Paleokastro,<= ankle,40,Plowed,Compacted,Moderate,Heavy,Coarse Gravel (75-19mm),57,0,1,0,3,51,2,0,0,1,3,26,0
Unit 5,34.98179978,33.70775385,David K. Pettegrew,Koutsopetria/Paleokastro,<= ankle,40,Plowed,Compacted,Moderate,Light,Coarse Gravel (75-19mm),65,0,0,0,2,61,2,0,0,0,5,31,1
Unit 6,34.98216298,33.7073187,David K. Pettegrew,Koutsopetria/Paleokastro,<= knee,40,Plowed,Compacted,Moderate,Light,Coarse Gravel (75-19mm),83,0,0,0,3,79,1,0,0,0,10,31,2
Unit 7,34.98216551,33.70688048,David K. Pettegrew,Koutsopetria/Paleokastro,<= knee,30,Plowed,Compacted,Moderate,None,Coarse Gravel (75-19mm),59,0,0,0,1,55,3,0,0,2,3,25,1
Unit 8,34.98216803,33.70644251,David K. Pettegrew,Koutsopetria/Paleokastro,<= knee,40,Plowed,Compacted,Moderate,None,Coarse Gravel (75-19mm),72,0,0,0,0,70,2,0,0,1,9,30,5
Unit 9,34.98217056,33.70600404,David K. Pettegrew,Koutsopetria/Paleokastro,<= ankle,40,Plowed,Compacted,Moderate,Light,Fine Gravel (19-5mm),95,0,0,0,2,91,2,0,0,0,21,52,1
Unit 10,34.98144669,33.70643613,William R. Caraher,Koutsopetria/Paleokastro,<= ankle,40,Plowed,Compacted,Moderate,Light,Coarse Gravel (75-19mm),42,0,0,0,1,41,0,0,0,1,1,23,2
Unit 11,34.98144417,33.70687434,William R. Caraher,Koutsopetria/Paleokastro,<= ankle,50,Plowed,Compacted,Light,Light,Coarse Gravel (75-19mm),78,0,0,0,3,73,2,0,0,0,1,31,1
Unit 12,34.98144164,33.70731256,William R. Caraher,Koutsopetria/Paleokastro,<= ankle,40,Plowed,Compacted,Light,Light,Coarse Gravel (75-19mm),138,0,0,0,4,133,1,0,0,0,6,48,4
Unit 13,34.98143911,33.70775078,William R. Caraher,Koutsopetria/Paleokastro,<= ankle,40,Plowed,Compacted,Light,None,Coarse Gravel (75-19mm),110,0,0,0,1,105,4,0,0,0,3,70,2
Unit 14,34.98143658,33.70818899,William R. Caraher,Koutsopetria/Paleokastro,<= ankle,40,Plowed,Compacted,Light,None,Coarse Gravel (75-19mm),66,0,0,0,2,62,2,0,0,0,1,27,2
Unit 15,34.98143405,33.70862721,William R. Caraher,Koutsopetria/Paleokastro,<= ankle,50,Plowed,Compacted,Moderate,Light,Coarse Gravel (75-19mm),77,0,0,0,0,75,2,0,0,1,2,53,0
Unit 16,34.98143152,33.70906542,William R. Caraher,Koutsopetria/Paleokastro,<= ankle,50,Plowed,Compacted,Light,Light,Coarse Gravel (75-19mm),80,0,0,0,1,74,3,0,0,1,7,33,0
Unit 17,34.98107085,33.70906235,William R. Caraher,Koutsopetria/Paleokastro,<= ankle,50,Plowed,Compacted,Light,Light,Coarse Gravel (75-19mm),71,1,0,0,2,68,0,0,0,2,8,40,0
Unit 18,34.98107335,33.70862402,William R. Caraher,Koutsopetria/Paleokastro,<= ankle,60,Plowed,Compacted,Light,Light,Fine Gravel (19-5mm),899,0,2,0,0,893,1,0,0,1,52,605,3
Unit 19,34.98107591,33.70818592,William R. Caraher,Koutsopetria/Paleokastro,<= ankle,40,Plowed,Compacted,Moderate,Light,Coarse Gravel (75-19mm),46,0,1,0,0,44,1,0,0,0,1,30,0
Unit 20,34.98107844,33.7077477,William R. Caraher,Koutsopetria/Paleokastro,<= ankle,30,Plowed,Compacted,Light,Light,Coarse Gravel (75-19mm),65,0,0,0,1,62,2,0,0,0,4,31,0
Unit 21,34.98108097,33.70730949,William R. Caraher,Koutsopetria/Paleokastro,<= ankle,40,Plowed,Compacted,Light,Light,Coarse Gravel (75-19mm),56,0,0,0,0,56,0,0,0,0,0,33,2
Unit 22,34.9810835,33.70687128,William R. Caraher,Koutsopetria/Paleokastro,<= ankle,30,Plowed,Compacted,Light,Light,Coarse Gravel (75-19mm),42,0,0,0,0,41,1,0,0,0,2,24,2
Unit 23,34.98108602,33.70643306,William R. Caraher,Koutsopetria/Paleokastro,<= ankle,40,Plowed,Compacted,Light,None,Coarse Gravel (75-19mm),81,0,0,0,0,80,1,0,0,0,0,55,0
Unit 24,34.98072535,33.70642999,William R. Caraher,Koutsopetria/Paleokastro,<= ankle,30,Plowed,Compacted,Light,None,Coarse Gravel (75-19mm),41,0,1,0,1,38,0,0,0,0,1,22,0
Unit 25,34.98072282,33.70686821,William R. Caraher,Koutsopetria/Paleokastro,<= ankle,30,Plowed,Compacted,Light,None,Coarse Gravel (75-19mm),58,0,2,1,1,54,0,0,0,0,2,39,0
Unit 26,34.9807203,33.70730642,William R. Caraher,Koutsopetria/Paleokastro,<= ankle,50,Plowed,Compacted,Light,None,Coarse Gravel (75-19mm),55,0,2,1,0,52,0,0,0,0,1,23,1
Unit 27,34.98071777,33.70774463,William R. Caraher,Koutsopetria/Paleokastro,<= ankle,40,Plowed,Compacted,Light,None,Coarse Gravel (75-19mm),51,0,0,0,0,51,0,0,0,0,2,26,0
Unit 28,34.98071524,33.70818284,William R. Caraher,Koutsopetria/Paleokastro,<= ankle,30,Plowed,Compacted,Light,None,Coarse Gravel (75-19mm),34,0,0,0,0,33,1,0,0,0,0,18,0
Unit 29,34.98071271,33.70862106,David K. Pettegrew,Koutsopetria/Paleokastro,<= ankle,40,,,,,,40,0,0,0,0,40,0,0,0,0,1,31,1
Unit 30,34.9821741,33.70553121,William R. Caraher,Paleokastro,<= ankle,60,Plowed,Compacted,Moderate,Light,Fine Gravel (19-5mm),56,0,0,0,0,56,0,0,0,1,5,33,1
Unit 31,34.98219018,33.70509341,William R. Caraher,Paleokastro,<= ankle,60,Plowed,Compacted,Moderate,Light,Coarse Gravel (75-19mm),48,0,0,0,0,48,0,0,0,1,2,27,0
Unit 32,34.98220625,33.70465561,William R. Caraher,Paleokastro,<= ankle,60,Plowed,Loose,Moderate,Light,Fine Gravel (19-5mm),16,0,0,0,0,14,2,0,0,0,0,6,0
Unit 33,34.98222232,33.70421782,William R. Caraher,Paleokastro,<= ankle,60,Plowed,Compacted,Light,None,Coarse Gravel (75-19mm),8,0,1,0,0,7,0,0,0,0,0,4,0
Unit 34,34.98223838,33.70378002,William R. Caraher,Paleokastro,<= ankle,60,Plowed,Compacted,Light,None,Coarse Gravel (75-19mm),3,0,0,0,0,3,0,0,0,0,1,1,0
Unit 35,34.98187806,33.7037605,William R. Caraher,Paleokastro,<= knee,40,Unplowed,Loose,Light,None,Coarse Gravel (75-19mm),2,0,0,0,0,2,0,0,0,0,0,1,0
Unit 36,34.981862,33.70419829,William R. Caraher,Paleokastro,<= knee,70,Unplowed,Loose,Moderate,,Coarse Gravel (75-19mm),2,0,0,1,0,1,0,0,0,0,0,0,0
Unit 37,34.98184593,33.70463609,William R. Caraher,Paleokastro,None,100,Plowed,Loose,Moderate,None,Coarse Gravel (75-19mm),3,0,0,0,0,3,0,0,0,0,0,0,0
Unit 38,34.98182986,33.70507388,William R. Caraher,Paleokastro,None,100,Plowed,Loose,Moderate,Light,Coarse Gravel (75-19mm),61,0,0,0,1,59,1,0,1,0,4,22,1
Unit 39,34.98181378,33.70551168,William R. Caraher,Paleokastro,<= knee,80,Plowed,Loose,Moderate,,Coarse Gravel (75-19mm),46,0,0,0,0,46,0,0,0,0,4,33,0
Unit 40,34.98146953,33.70505436,William R. Caraher,Paleokastro,None,100,Plowed,Loose,Light,Light,Coarse Gravel (75-19mm),492,3,0,0,3,486,0,0,0,1,44,210,0
Unit 41,34.9814856,33.70461656,David K. Pettegrew,Paleokastro,<= ankle,90,Plowed,Loose,Light,Light,Coarse Gravel (75-19mm),5,0,0,0,0,4,1,0,0,0,0,3,0
Unit 42,34.98150167,33.70417877,David K. Pettegrew,Paleokastro,<= knee,80,Unplowed,Compacted,Light,None,Coarse Gravel (75-19mm),8,0,0,0,0,8,0,0,0,1,0,3,0
Unit 43,34.98151774,33.70374098,David K. Pettegrew,Paleokastro,<= knee,60,Unplowed,Loose,Light,Light,Coarse Gravel (75-19mm),11,0,0,1,0,10,0,0,0,0,1,7,0
Unit 44,34.98115742,33.70372146,David K. Pettegrew,Paleokastro,<= ankle,60,Plowed,Compacted,Light,Light,Fine Gravel (19-5mm),5,0,0,0,0,5,0,0,0,0,0,3,0
Unit 45,34.98114135,33.70415925,David K. Pettegrew,Paleokastro,<= ankle,60,Plowed,Compacted,Light,Light,Coarse Gravel (75-19mm),79,0,0,0,0,79,0,0,0,0,7,48,0
Unit 46,34.98112528,33.70459704,William R. Caraher,Paleokastro,<= ankle,70,Plowed,Loose,Moderate,Light,Coarse Gravel (75-19mm),14,0,0,0,0,14,0,0,0,0,1,11,0
Unit 47,34.98110921,33.70503483,William R. Caraher,Paleokastro,None,90,Plowed,Loose,Light,Light,Coarse Gravel (75-19mm),81,0,1,0,1,79,0,0,0,0,13,34,0
Unit 48,34.98253443,33.70555073,William R. Caraher,Paleokastro,<= ankle,60,Plowed,Compacted,Light,None,Cobble (300-75mm),60,0,1,0,0,59,0,0,0,2,7,17,1
Unit 49,34.98071018,33.70905927,William R. Caraher,Paleokastro,<= ankle,30,Plowed,Compacted,Light,Light,Fine Gravel (19-5mm),70,0,2,0,0,67,1,0,0,0,1,25,1
Unit 50,34.98070764,33.70949748,William R. Caraher,Paleokastro,<= ankle,30,Plowed,Compacted,Light,Light,Fine Gravel (19-5mm),97,0,0,0,1,96,0,0,0,0,3,67,0
Unit 51,34.98070511,33.70993569,William R. Caraher,Paleokastro,<= ankle,40,Plowed,Compacted,Light,Light,Fine Gravel (19-5mm),79,0,5,1,0,71,1,0,0,0,2,31,1
Unit 52,34.98070257,33.7103739,William R. Caraher,Paleokastro,<= ankle,70,Plowed,Loose,None,None,Sand (<5mm),20,0,4,0,0,14,2,0,0,0,0,6,2
Unit 53,34.98070003,33.71081212,David K. Pettegrew,Paleokastro,<= ankle,80,Unplowed,Loose,Light,None,Sand (<5mm),32,0,1,0,0,31,0,0,1,0,0,11,4
Unit 54,34.9810607,33.7108152,David K. Pettegrew,Paleokastro,<= knee,,Plowed,Loose,None,Light,Sand (<5mm),15,0,1,0,1,13,0,0,0,0,0,1,2
Unit 55,34.98106324,33.71037699,William R. Caraher,Paleokastro,<= ankle,40,Plowed,Compacted,Light,Light,Fine Gravel (19-5mm),30,0,2,0,0,26,2,0,0,0,0,10,1
Unit 56,34.98106578,33.70993877,William R. Caraher,Paleokastro,<= ankle,40,Plowed,Compacted,Moderate,Light,Coarse Gravel (75-19mm),107,0,0,0,0,104,3,0,0,2,3,63,3
Unit 57,34.98106832,33.70950056,William R. Caraher,Paleokastro,<= ankle,40,Plowed,Compacted,Moderate,,Fine Gravel (19-5mm),56,0,0,0,0,55,0,0,0,0,1,26,1
Unit 58,34.98142899,33.70950364,David K. Pettegrew,Paleokastro,<= ankle,40,Plowed,Compacted,Moderate,None,Fine Gravel (19-5mm),53,0,4,0,0,49,0,0,0,4,6,33,0
Unit 59,34.98142645,33.70994185,David K. Pettegrew,Paleokastro,<= ankle,30,Plowed,Compacted,Heavy,Light,Coarse Gravel (75-19mm),50,0,0,0,0,49,1,0,0,0,2,21,1
Unit 60,34.98178966,33.70950672,David K. Pettegrew,Paleokastro,<= knee,30,Plowed,Compacted,Moderate,None,Coarse Gravel (75-19mm),76,0,0,1,0,73,2,0,0,0,8,30,0
Unit 61,34.98179219,33.7090685,David K. Pettegrew,Paleokastro,<= ankle,30,Plowed,Compacted,Heavy,Light,Coarse Gravel (75-19mm),59,0,2,0,0,57,0,0,0,1,2,38,4
Unit 62,34.98179472,33.70863028,David K. Pettegrew,Paleokastro,<= knee,40,Plowed,Compacted,Moderate,Light,Coarse Gravel (75-19mm),94,0,1,0,0,92,1,0,0,0,16,40,7
Unit 63,34.98179726,33.70819207,William R. Caraher,Paleokastro,<= knee,40,Plowed,Compacted,Heavy,Light,Coarse Gravel (75-19mm),67,0,1,1,0,64,1,0,0,2,4,39,1
Unit 64,34.98253123,33.70600711,William R. Caraher,Paleokastro,<= ankle,30,Plowed,Compacted,Light,None,Coarse Gravel (75-19mm),87,0,2,0,0,82,2,1,0,0,18,35,1
Unit 65,34.98252871,33.70644533,William R. Caraher,Paleokastro,<= ankle,30,Unplowed,Compacted,Light,None,Coarse Gravel (75-19mm),49,1,0,0,0,47,1,0,0,1,10,26,1
Unit 66,34.98252618,33.70688355,William R. Caraher,Paleokastro,<= knee,20,Unplowed,Compacted,Light,None,Coarse Gravel (75-19mm),43,0,0,0,1,42,0,0,0,2,6,11,0
Unit 67,34.98252366,33.70732177,William R. Caraher,Paleokastro,<= knee,30,Unplowed,Compacted,Light,None,Coarse Gravel (75-19mm),47,0,1,0,0,46,0,0,0,0,1,28,2
Unit 68,34.98252113,33.70775999,William R. Caraher,Paleokastro,<= knee,,Unplowed,Compacted,Light,Light,Coarse Gravel (75-19mm),43,0,4,0,0,36,3,0,0,0,5,15,1
Unit 69,34.9825186,33.70819821,William R. Caraher,Paleokastro,<= knee,20,Unplowed,Compacted,Light,Light,Fine Gravel (19-5mm),37,0,2,0,0,35,0,0,0,1,2,22,0
Unit 70,34.98251607,33.70863644,William R. Caraher,Paleokastro,,60,Unplowed,Compacted,Light,Light,Coarse Gravel (75-19mm),107,0,2,2,0,102,1,0,1,2,2,70,4
Unit 71,34.98251353,33.70907466,William R. Caraher,Paleokastro,<= ankle,70,Unplowed,Loose,None,None,Sand (<5mm),1208,1,2,4,0,1192,7,1,0,12,148,548,4
Unit 72,34.98215286,33.70907158,William R. Caraher,Paleokastro,<= ankle,40,Plowed,Compacted,,,Coarse Gravel (75-19mm),69,0,1,1,0,66,0,1,0,3,14,16,0
Unit 73,34.9821554,33.70863336,William R. Caraher,Paleokastro,<= ankle,30,Plowed,Compacted,Moderate,None,Coarse Gravel (75-19mm),44,0,0,0,0,43,1,0,0,0,3,25,0
Unit 74,34.98215793,33.70819514,William R. Caraher,Paleokastro,<= ankle,,Unplowed,Compacted,Moderate,Light,Coarse Gravel (75-19mm),51,0,1,1,1,48,0,0,1,0,1,19,2
Unit 75,34.98216046,33.70775692,William R. Caraher,Paleokastro,<= knee,20,Unplowed,Compacted,Light,Light,Coarse Gravel (75-19mm),20,0,0,0,0,20,0,0,0,0,0,15,0
Unit 76,34.98215033,33.7095098,William R. Caraher,Paleokastro,<= knee,40,Unplowed,Compacted,Light,Light,Fine Gravel (19-5mm),39,0,0,0,0,39,0,0,0,0,4,22,1
Unit 77,34.98214779,33.70994802,William R. Caraher,Paleokastro,<= ankle,70,Plowed,Loose,Light,Light,Sand (<5mm),3,0,0,1,0,2,0,0,0,0,0,2,0
Unit 78,34.98214526,33.71038624,William R. Caraher,Paleokastro,None,80,Plowed,Loose,Moderate,Light,Sand (<5mm),9,0,0,1,0,8,0,0,0,0,0,2,0
Unit 79,34.98214272,33.71082446,William R. Caraher,Paleokastro,None,80,Plowed,Loose,Moderate,None,Sand (<5mm),23,0,0,0,0,21,2,0,0,0,0,9,0
Unit 80,34.98178205,33.71082137,William R. Caraher,Paleokastro,None,80,Plowed,Loose,Light,Light,Sand (<5mm),22,0,0,0,2,20,0,0,0,0,0,10,0
Unit 81,34.98178459,33.71038315,William R. Caraher,Paleokastro,<= knee,40,Plowed,Loose,Light,Light,Coarse Gravel (75-19mm),17,0,0,0,0,17,0,0,0,0,0,15,0
Unit 82,34.98178712,33.70994494,William R. Caraher,Paleokastro,<= knee,40,Unplowed,Loose,Light,Light,Coarse Gravel (75-19mm),16,0,0,0,0,16,0,0,0,0,0,5,2
Unit 83,34.9825505,33.70511294,William R. Caraher,Paleokastro,<= ankle,40,Plowed,Compacted,Light,Light,Fine Gravel (19-5mm),44,0,0,0,0,43,1,0,0,0,1,8,0
Unit 84,34.98256657,33.70467514,William R. Caraher,Paleokastro,<= ankle,40,Plowed,Compacted,Light,Light,Coarse Gravel (75-19mm),18,0,0,0,0,17,1,0,0,0,1,5,1
Unit 85,34.98258264,33.70423734,William R. Caraher,Paleokastro,<= ankle,40,,,,,,17,0,0,0,0,15,1,0,0,0,0,2,0
Unit 86,34.98259871,33.70379954,William R. Caraher,Paleokastro,<= ankle,40,Plowed,Compacted,Light,Light,Coarse Gravel (75-19mm),6,0,0,0,0,6,0,0,0,0,0,0,0
Unit 87,34.98074889,33.7050153,William R. Caraher,Paleokastro,<= ankle,30,Plowed,Compacted,Light,Light,Coarse Gravel (75-19mm),43,0,1,0,0,42,0,0,0,1,1,22,0
Unit 88,34.98076496,33.70457751,William R. Caraher,Paleokastro,<= ankle,30,,,,,,0,0,0,0,0,0,0,0,0,0,0,0,0
Unit 89,34.98078103,33.70413973,William R. Caraher,Paleokastro,<= ankle,40,Plowed,Compacted,Light,Light,Coarse Gravel (75-19mm),10,0,1,0,0,9,0,0,0,0,0,2,0
Unit 90,34.9807971,33.70370194,William R. Caraher,Paleokastro,<= ankle,50,Plowed,Compacted,Light,Light,Coarse Gravel (75-19mm),3,0,0,0,0,3,0,0,0,0,0,2,0
Unit 91,34.98043677,33.70368242,William R. Caraher,Paleokastro,<= ankle,60,Plowed,Loose,Light,Light,Fine Gravel (19-5mm),14,0,0,0,0,13,0,0,0,0,0,8,0
Unit 93,34.98042071,33.7041202,William R. Caraher,Paleokastro,<= ankle,60,Plowed,Loose,Light,Light,Fine Gravel (19-5mm),31,0,1,0,0,30,0,0,0,1,0,19,0
Unit 94,34.98040464,33.70455799,William R. Caraher,Paleokastro,<= ankle,60,Plowed,Loose,Light,Light,Fine Gravel (19-5mm),52,0,0,0,0,52,0,0,0,0,5,24,0
Unit 95,34.98038857,33.70499578,William R. Caraher,Paleokastro,<= ankle,70,Plowed,Loose,Light,Light,Coarse Gravel (75-19mm),57,0,1,0,0,56,0,0,0,1,5,26,1
Unit 96,34.982511,33.70951288,William R. Caraher,Paleokastro,<= knee,30,Unplowed,Compacted,Light,Light,Coarse Gravel (75-19mm),10,0,0,0,0,10,0,0,0,0,2,4,0
Unit 97,34.98250846,33.7099511,William R. Caraher,Paleokastro,<= knee,40,,,,,,1,0,0,0,0,0,1,0,0,0,0,0,0
Unit 98,34.98250593,33.71038932,R. Scott Moore,Paleokastro,None,100,Plowed,Loose,Light,Light,Sand (<5mm),3,0,0,0,0,3,0,0,0,0,0,1,0
Unit 99,34.9828666,33.71039241,David K. Pettegrew,Paleokastro,None,70,Plowed,Loose,None,None,Fine Gravel (19-5mm),0,0,0,0,0,0,0,0,0,0,0,0,0
Unit 100,34.98286914,33.70995418,David K. Pettegrew,Paleokastro,<= knee,70,Unplowed,Compacted,Light,Light,Sand (<5mm),16,1,1,1,0,13,0,0,0,1,1,0,0
Unit 101,34.98287167,33.70951596,David K. Pettegrew,Paleokastro,<= ankle,50,Plowed,Compacted,Light,Light,Coarse Gravel (75-19mm),13,1,0,0,0,12,0,0,0,0,3,2,0
Unit 102,34.98287421,33.70907774,David K. Pettegrew,Paleokastro,<= ankle,50,Plowed,Compacted,Light,Light,Coarse Gravel (75-19mm),5,0,0,0,0,5,0,0,0,0,0,4,0
Unit 103,34.98323488,33.70908081,David K. Pettegrew,Paleokastro,<= ankle,60,Plowed,Compacted,Light,Light,Fine Gravel (19-5mm),15,0,1,0,2,10,2,0,0,0,1,4,0
Unit 104,34.98323234,33.70951904,David K. Pettegrew,Paleokastro,<= knee,30,Plowed,Compacted,Light,None,Fine Gravel (19-5mm),0,0,0,0,0,0,0,0,0,0,0,0,0
Unit 105,34.98322981,33.70995726,David K. Pettegrew,Paleokastro,<= ankle,80,Plowed,Loose,Light,Light,Coarse Gravel (75-19mm),3,0,0,0,0,3,0,0,0,0,0,0,0
Unit 106,34.98322727,33.71039549,David K. Pettegrew,Water Plant,<= ankle,20,Plowed,Compacted,Light,None,Coarse Gravel (75-19mm),5,0,0,0,0,5,0,0,0,0,1,2,1
Unit 107,34.98394861,33.71040166,David K. Pettegrew,Water Plant,<= ankle,60,Plowed,Compacted,Light,None,Fine Gravel (19-5mm),12,0,0,0,0,12,0,0,0,0,0,5,0
Unit 108,34.98394607,33.71083989,David K. Pettegrew,Water Plant,<= ankle,60,Plowed,Loose,Light,Light,Fine Gravel (19-5mm),11,0,0,0,0,11,0,0,0,0,1,4,0
Unit 109,34.98394353,33.71127812,David K. Pettegrew,Water Plant,<= ankle,60,Plowed,Loose,Light,None,Fine Gravel (19-5mm),1,0,0,0,0,1,0,0,0,1,0,0,0
Unit 110,34.98394099,33.71171634,David K. Pettegrew,Water Plant,<= ankle,50,Unplowed,Compacted,None,None,Sand (<5mm),0,0,0,0,0,0,0,0,0,0,0,0,0
Unit 111,34.98393845,33.71215457,David K. Pettegrew,Water Plant,<= knee,30,Unplowed,Compacted,None,None,Sand (<5mm),0,0,0,0,0,0,0,0,0,0,0,0,0
Unit 112,34.9839359,33.7125928,David K. Pettegrew,Water Plant,<= ankle,60,Plowed,Compacted,None,None,Fine Gravel (19-5mm),1,1,0,0,0,0,0,0,0,0,0,0,0
Unit 113,34.98393335,33.71303103,David K. Pettegrew,Water Plant,<= ankle,90,Plowed,Loose,None,None,Fine Gravel (19-5mm),0,0,0,0,0,0,0,0,0,0,0,0,0
Unit 114,34.98429148,33.71347236,David K. Pettegrew,Water Plant,<= knee,60,Plowed,Loose,None,None,Fine Gravel (19-5mm),0,0,0,0,0,0,0,0,0,0,0,0,0
Unit 115,34.98429402,33.71303413,David K. Pettegrew,Water Plant,<= ankle,60,Plowed,Loose,Light,None,Fine Gravel (19-5mm),5,0,0,0,0,5,0,0,0,0,1,1,0
Unit 116,34.98429657,33.7125959,David K. Pettegrew,Water Plant,<= ankle,30,Plowed,Compacted,Light,Light,Fine Gravel (19-5mm),14,0,0,0,0,12,0,0,0,0,2,2,0
Unit 117,34.98429912,33.71215767,David K. Pettegrew,Water Plant,<= knee,20,Unplowed,Compacted,Light,Light,Sand (<5mm),5,0,0,1,0,3,1,0,0,0,0,1,1
Unit 118,34.98430166,33.71171943,David K. Pettegrew,Water Plant,<= knee,40,Plowed,Loose,Light,None,Fine Gravel (19-5mm),2,0,0,0,0,2,0,0,0,0,0,1,0
Unit 119,34.9843042,33.7112812,David K. Pettegrew,Water Plant,<= ankle,90,Plowed,Loose,Light,Light,Coarse Gravel (75-19mm),37,0,1,0,0,35,1,0,0,0,1,14,0
Unit 120,34.98430674,33.71084297,David K. Pettegrew,Water Plant,<= ankle,90,Plowed,Loose,Light,Light,Coarse Gravel (75-19mm),140,2,0,0,0,135,3,0,0,0,4,29,0
Unit 121,34.98430928,33.71040474,David K. Pettegrew,Water Plant,<= ankle,70,Plowed,Loose,Moderate,Light,Fine Gravel (19-5mm),34,0,0,0,1,31,2,0,0,0,1,11,1
Unit 122,34.98466741,33.71084606,David K. Pettegrew,Water Plant,None,,Plowed,Loose,Moderate,Light,Fine Gravel (19-5mm),31,0,0,0,0,29,2,0,1,1,2,6,0
Unit 123,34.98466487,33.71128429,David K. Pettegrew,Water Plant,None,90,Plowed,Loose,Moderate,Heavy,Coarse Gravel (75-19mm),42,0,0,0,0,37,5,0,0,0,2,8,0
Unit 124,34.98466233,33.71172252,David K. Pettegrew,Water Plant,None,90,Plowed,Loose,Moderate,,Coarse Gravel (75-19mm),31,0,0,0,1,30,0,0,0,0,0,18,0
Unit 125,34.98465979,33.71216076,David K. Pettegrew,Water Plant,<= ankle,40,Plowed,Loose,Moderate,Light,Coarse Gravel (75-19mm),18,0,0,0,0,18,0,0,0,1,0,5,0
Unit 126,34.98465724,33.71259899,David K. Pettegrew,Water Plant,<= ankle,30,Unplowed,Compacted,Light,Light,Coarse Gravel (75-19mm),43,0,0,0,0,43,0,0,0,0,1,19,0
Unit 127,34.9846547,33.71303722,David K. Pettegrew,Water Plant,<= ankle,40,Plowed,Compacted,Light,Light,Coarse Gravel (75-19mm),263,0,0,1,0,260,2,0,0,1,4,70,0
Unit 128,34.98465215,33.71347545,William R. Caraher,Water Plant,<= ankle,60,Plowed,Compacted,Light,Light,Coarse Gravel (75-19mm),40,0,0,0,0,38,2,0,0,0,2,17,0
Unit 131,34.98501791,33.71260208,William R. Caraher,Water Plant,<= ankle,50,Plowed,Compacted,Light,Light,Coarse Gravel (75-19mm),35,0,0,0,0,34,0,0,0,0,1,19,0
Unit 132,34.98502046,33.71216385,William R. Caraher,Water Plant,None,90,Plowed,Loose,Moderate,Light,Fine Gravel (19-5mm),33,0,0,0,0,33,0,0,0,0,0,13,0
Unit 133,34.985023,33.71172561,William R. Caraher,Water Plant,None,90,Plowed,Loose,Moderate,Light,Coarse Gravel (75-19mm),29,0,0,0,0,18,11,0,0,1,3,1,0
Unit 134,34.98609483,33.71348784,David K. Pettegrew,Water Plant,<= ankle,50,Plowed,Compacted,Light,Light,Fine Gravel (19-5mm),23,0,0,0,0,23,0,0,0,0,0,5,0
Unit 135,34.98609228,33.71392609,David K. Pettegrew,Water Plant,<= ankle,60,Plowed,Compacted,Light,Light,Fine Gravel (19-5mm),29,0,1,0,0,27,1,0,0,0,4,4,1
Unit 136,34.98608973,33.71436433,David K. Pettegrew,Water Plant,<= ankle,60,Plowed,Compacted,Light,Light,Coarse Gravel (75-19mm),24,0,1,0,0,23,0,0,0,2,1,10,0
Unit 137,34.98608717,33.71480257,William R. Caraher,Water Plant,<= ankle,50,Plowed,Compacted,Light,None,Coarse Gravel (75-19mm),10,0,0,0,0,10,0,0,0,1,1,2,0
Unit 138,34.98608462,33.71524081,David K. Pettegrew,Water Plant,<= ankle,60,Plowed,Compacted,Light,Light,Coarse Gravel (75-19mm),13,0,0,0,0,13,0,0,0,0,2,3,1
Unit 139,34.98644529,33.71524391,David K. Pettegrew,Water Plant,<= ankle,50,Plowed,Compacted,Light,Light,Coarse Gravel (75-19mm),29,0,0,0,0,29,0,0,0,0,2,10,0
Unit 140,34.98644784,33.71480567,David K. Pettegrew,Water Plant,<= ankle,50,Plowed,Compacted,Light,None,Coarse Gravel (75-19mm),28,0,0,0,0,27,1,0,0,0,3,13,2
Unit 141,34.9864504,33.71436743,William R. Caraher,Kokkinokremos Plain,<= ankle,40,Plowed,Compacted,Moderate,Light,Fine Gravel (19-5mm),61,0,9,0,0,48,4,0,1,0,4,8,0
Unit 142,34.98645295,33.71392919,William R. Caraher,Kokkinokremos Plain,<= ankle,50,Plowed,Compacted,Light,Light,Coarse Gravel (75-19mm),10,0,0,0,0,9,1,0,0,0,0,8,0
Unit 143,34.9864555,33.71349094,William R. Caraher,Kokkinokremos Plain,<= ankle,60,Plowed,Compacted,Light,Light,Coarse Gravel (75-19mm),25,0,0,0,0,23,2,0,0,0,0,6,2
Unit 144,34.98645805,33.7130527,William R. Caraher,Kokkinokremos Plain,None,80,Plowed,Loose,Light,Light,Fine Gravel (19-5mm),19,0,0,0,0,18,1,0,0,0,1,5,0
Unit 145,34.98681872,33.7130558,William R. Caraher,Kokkinokremos Plain,<= ankle,80,Plowed,Loose,Light,Light,Coarse Gravel (75-19mm),29,0,0,0,0,28,1,0,0,0,2,9,0
Unit 146,34.98681617,33.71349404,William R. Caraher,Kokkinokremos Plain,<= ankle,70,Plowed,Loose,Moderate,Light,Coarse Gravel (75-19mm),38,0,0,0,0,37,1,0,0,0,1,15,0
Unit 147,34.98681362,33.71393229,William R. Caraher,Kokkinokremos Plain,<= ankle,60,Plowed,Compacted,Light,Light,Coarse Gravel (75-19mm),8,0,0,0,0,8,0,0,0,0,0,1,0
Unit 148,34.98681107,33.71437053,William R. Caraher,Kokkinokremos Plain,<= ankle,50,Plowed,Compacted,Light,Light,Coarse Gravel (75-19mm),15,0,2,0,1,12,0,0,1,0,2,3,0
Unit 149,34.98680852,33.71480877,William R. Caraher,Kokkinokremos Plain,<= ankle,50,Plowed,Compacted,Light,Light,Coarse Gravel (75-19mm),9,0,0,0,0,9,0,0,0,0,0,1,0
Unit 150,34.98680596,33.71524702,William R. Caraher,Kokkinokremos Plain,<= ankle,40,Plowed,Compacted,Light,Light,Fine Gravel (19-5mm),11,0,1,0,0,10,0,0,0,0,1,4,0
Unit 151,34.98717174,33.71437363,William R. Caraher,Kokkinokremos Plain,<= ankle,80,Plowed,Loose,Light,Light,Coarse Gravel (75-19mm),0,0,0,0,0,0,0,0,0,0,0,0,0
Unit 152,34.98717429,33.71393538,William R. Caraher,Kokkinokremos Plain,<= ankle,70,Plowed,Loose,Light,Light,Coarse Gravel (75-19mm),10,0,0,0,0,10,0,0,0,0,1,6,0
Unit 153,34.98717684,33.71349714,William R. Caraher,Kokkinokremos Plain,<= ankle,80,Plowed,Loose,Moderate,Light,Coarse Gravel (75-19mm),2,0,0,0,0,2,0,0,0,0,0,0,0
Unit 154,34.98717939,33.71305889,William R. Caraher,Kokkinokremos Plain,<= ankle,90,Plowed,Loose,Light,Heavy,Coarse Gravel (75-19mm),334,0,2,3,0,325,4,0,0,1,4,90,0
Unit 155,34.98718194,33.71262065,William R. Caraher,Kokkinokremos Plain,None,40,Plowed,Loose,Moderate,Heavy,Fine Gravel (19-5mm),29,0,0,0,0,24,5,0,0,0,1,7,0
Unit 156,34.98753496,33.71393848,William R. Caraher,Kokkinokremos Plain,None,70,Plowed,Loose,Moderate,Light,Coarse Gravel (75-19mm),31,0,1,0,0,30,0,0,0,1,0,8,2
Unit 157,34.98753241,33.71437673,William R. Caraher,Kokkinokremos Plain,<= ankle,70,Plowed,Loose,Moderate,Light,Coarse Gravel (75-19mm),12,1,1,0,0,9,1,0,0,0,1,3,0
Unit 158,34.98142391,33.71038007,William R. Caraher,Paleokastro,<= knee,50,Unplowed,Compacted,Light,Light,Coarse Gravel (75-19mm),32,0,0,0,0,32,0,0,0,0,4,12,0
Unit 159,34.98142138,33.71081829,William R. Caraher,Paleokastro,<= ankle,70,Plowed,Loose,Light,Light,Fine Gravel (19-5mm),26,0,0,0,0,26,0,0,0,0,0,7,3
Unit 160,34.98069749,33.71125033,William R. Caraher,Paleokastro,<= ankle,90,Plowed,Loose,Light,Light,Sand (<5mm),28,0,2,0,0,24,2,0,0,8,2,1,1
Unit 161,34.98105816,33.71125341,William R. Caraher,Paleokastro,<= ankle,90,Plowed,Loose,Light,Light,Sand (<5mm),11,0,2,0,0,8,1,0,0,0,0,2,2
Unit 162,34.98141883,33.7112565,William R. Caraher,Paleokastro,None,90,Plowed,Loose,Light,Light,Sand (<5mm),3,0,0,0,0,3,0,0,0,0,0,1,0
Unit 163,34.98177951,33.71125959,William R. Caraher,Paleokastro,None,80,Plowed,Loose,Light,Light,Sand (<5mm),4,0,1,0,0,3,0,0,0,0,0,2,0
Unit 164,34.98214018,33.71126268,William R. Caraher,Paleokastro,None,70,Plowed,Loose,None,None,Sand (<5mm),10,0,0,0,0,10,0,0,0,0,0,6,0
Unit 165,34.98250339,33.71082754,William R. Caraher,Paleokastro,None,80,Plowed,Loose,None,None,Sand (<5mm),3,0,0,0,0,3,0,0,0,0,0,2,0
Unit 166,34.98286406,33.71083063,William R. Caraher,Paleokastro,None,80,Plowed,Loose,None,Light,Sand (<5mm),15,0,2,0,0,13,0,0,0,0,0,1,0
Unit 167,34.98322473,33.71083371,William R. Caraher,Paleokastro,<= ankle,10,Unplowed,Compacted,None,None,Fine Gravel (19-5mm),0,0,0,0,0,0,0,0,0,0,0,0,0
Unit 168,34.9835854,33.7108368,William R. Caraher,Water Plant,<= ankle,50,Plowed,Loose,None,None,Fine Gravel (19-5mm),0,0,0,0,0,0,0,0,0,0,0,0,0
Unit 169,34.98358794,33.71039857,William R. Caraher,Water Plant,<= ankle,80,Plowed,Loose,Light,Light,Coarse Gravel (75-19mm),2,0,0,0,0,2,0,0,0,0,1,1,0
Unit 170,34.98359048,33.70996035,William R. Caraher,Water Plant,<= knee,50,,,,,,4,0,0,0,0,4,0,0,0,0,0,3,0
Unit 171,34.98609738,33.7130496,William R. Caraher,Kokkinokremos Plain,None,90,Plowed,Loose,Moderate,Light,Coarse Gravel (75-19mm),14,0,0,0,0,14,0,0,0,0,1,5,0
Unit 172,34.98573671,33.71304651,William R. Caraher,Kokkinokremos Plain,<= ankle,40,Plowed,Compacted,Light,Light,Fine Gravel (19-5mm),17,0,0,0,0,17,0,0,0,0,0,7,0
Unit 173,34.98573925,33.71260827,William R. Caraher,Water Plant,<= ankle,70,Plowed,Compacted,Light,Light,Coarse Gravel (75-19mm),11,0,0,0,0,11,0,0,3,0,0,1,0
Unit 174,34.9857418,33.71217003,William R. Caraher,Water Plant,<= ankle,70,Plowed,Loose,Light,Light,Coarse Gravel (75-19mm),22,0,0,0,0,22,0,0,0,2,1,8,0
Unit 175,34.98573416,33.71348475,William R. Caraher,Kokkinokremos Plain,<= ankle,40,Plowed,Compacted,Light,Light,Coarse Gravel (75-19mm),15,0,0,0,0,15,0,0,0,0,2,6,1
Unit 179,34.9846496,33.71391369,William R. Caraher,Water Plant,<= ankle,40,Plowed,Compacted,Light,Light,Coarse Gravel (75-19mm),33,0,1,0,0,30,0,0,0,0,1,11,1
Unit 181,34.98537858,33.71260518,William R. Caraher,Water Plant,<= ankle,40,Plowed,Compacted,Light,Light,Fine Gravel (19-5mm),37,0,0,0,0,37,0,0,0,0,3,11,1
Unit 182,34.98538113,33.71216694,William R. Caraher,Water Plant,None,90,Plowed,Loose,Moderate,Light,Coarse Gravel (75-19mm),38,0,0,0,0,36,2,0,0,0,2,11,0
Unit 183,34.98538367,33.7117287,William R. Caraher,Water Plant,<= ankle,70,Plowed,Loose,Light,Light,Coarse Gravel (75-19mm),84,0,0,0,0,84,0,0,0,4,10,12,0
Unit 184,34.98538622,33.71129047,William R. Caraher,Water Plant,<= knee,60,Plowed,Loose,Light,Light,Coarse Gravel (75-19mm),17,0,0,0,0,17,0,0,0,0,4,3,0
Unit 185,34.98502554,33.71128738,William R. Caraher,Water Plant,None,90,Plowed,Loose,Light,Light,Coarse Gravel (75-19mm),37,0,0,0,0,37,0,0,0,2,0,10,2
Unit 186,34.98537604,33.71304341,William R. Caraher,Water Plant,<= ankle,40,Plowed,Compacted,Light,Light,Coarse Gravel (75-19mm),26,0,0,0,0,23,0,0,0,0,2,8,0
Unit 187,34.9868034,33.71568526,David K. Pettegrew,Kokkinokremos Plain,None,100,Plowed,Loose,Moderate,Heavy,Fine Gravel (19-5mm),61,0,1,0,0,58,2,0,1,1,0,29,0
Unit 188,34.98680085,33.7161235,David K. Pettegrew,Kokkinokremos Plain,None,100,Plowed,Loose,Moderate,Heavy,Fine Gravel (19-5mm),92,0,0,0,0,87,4,1,0,5,9,35,0
Unit 189,34.98679829,33.71656175,David K. Pettegrew,Kokkinokremos Plain,None,100,Plowed,Loose,Moderate,Heavy,Fine Gravel (19-5mm),86,0,0,0,0,81,3,0,0,0,9,37,2
Unit 190,34.98679572,33.71699999,David K. Pettegrew,Kokkinokremos Plain,None,100,Plowed,Loose,Heavy,Heavy,Fine Gravel (19-5mm),69,0,0,0,2,67,0,0,0,0,7,22,0
Unit 191,34.98679316,33.71743824,David K. Pettegrew,Kokkinokremos Plain,None,100,Plowed,Loose,Heavy,Heavy,Fine Gravel (19-5mm),10,0,0,0,0,9,1,0,0,0,2,2,0
Unit 192,34.98716919,33.71481188,William R. Caraher,Kokkinokremos Plain,<= ankle,50,Unplowed,Compacted,Light,Light,Fine Gravel (19-5mm),2,0,0,0,0,2,0,0,0,0,1,0,0
Unit 193,34.98716663,33.71525012,William R. Caraher,Kokkinokremos Plain,<= ankle,40,Unplowed,Compacted,Moderate,None,Fine Gravel (19-5mm),1,0,0,0,0,1,0,0,0,0,0,0,0
Unit 194,34.98716407,33.71568837,William R. Caraher,Kokkinokremos Plain,<= ankle,20,Unplowed,Compacted,Light,None,Fine Gravel (19-5mm),6,0,0,0,1,5,0,0,0,0,0,2,0
Unit 195,34.98716152,33.71612661,William R. Caraher,Kokkinokremos Plain,<= ankle,60,Plowed,Loose,Light,Light,Sand (<5mm),19,0,0,0,0,18,1,0,0,1,1,3,0
Unit 196,34.98715896,33.71656486,William R. Caraher,Kokkinokremos Plain,,100,Plowed,Loose,Light,Light,Sand (<5mm),39,0,1,0,0,38,0,0,0,1,6,15,0
Unit 197,34.98715639,33.7170031,William R. Caraher,Kokkinokremos Plain,None,100,Plowed,Loose,None,None,Fine Gravel (19-5mm),44,0,0,0,0,42,2,0,0,0,7,19,0
Unit 198,34.98715383,33.71744135,William R. Caraher,Kokkinokremos Plain,<= ankle,100,Plowed,Loose,Light,Light,Fine Gravel (19-5mm),42,0,0,0,0,41,1,0,0,0,0,21,0
Unit 199,34.98715127,33.7178796,William R. Caraher,Kokkinokremos Plain,<= ankle,100,Plowed,Loose,Light,Light,Fine Gravel (19-5mm),18,0,0,0,0,18,0,0,0,0,0,10,0
Unit 200,34.9871487,33.71831784,William R. Caraher,Kokkinokremos Plain,<= ankle,100,Plowed,Loose,Light,Light,Fine Gravel (19-5mm),8,0,0,0,0,8,0,0,0,0,0,4,1
Unit 201,34.98750937,33.71832096,William R. Caraher,Kokkinokremos Plain,None,100,Plowed,Loose,Light,Light,Fine Gravel (19-5mm),8,0,0,0,0,7,0,0,0,1,0,2,0
Unit 202,34.98751194,33.71788271,William R. Caraher,Kokkinokremos Plain,None,100,Plowed,Loose,Light,Light,Fine Gravel (19-5mm),23,0,2,0,0,21,0,0,0,0,0,11,0
Unit 203,34.9875145,33.71744447,William R. Caraher,Kokkinokremos Plain,None,100,Plowed,Loose,None,Light,Fine Gravel (19-5mm),58,0,1,0,0,57,0,0,0,2,7,30,0
Unit 204,34.98751706,33.71700622,William R. Caraher,Kokkinokremos Plain,None,90,Plowed,Loose,Light,Light,Fine Gravel (19-5mm),46,0,1,0,0,43,2,0,0,2,6,14,0
Unit 205,34.98751963,33.71656797,William R. Caraher,Kokkinokremos Plain,<= ankle,50,Plowed,Loose,Light,Light,Fine Gravel (19-5mm),10,0,0,0,0,10,0,0,0,1,0,5,0
Unit 206,34.98752219,33.71612972,William R. Caraher,Kokkinokremos Plain,<= ankle,10,Unplowed,Compacted,Light,Light,,0,0,0,0,0,0,0,0,0,0,0,0,0
Unit 207,34.98787517,33.71744758,William R. Caraher,Kokkinokremos Plain,None,80,Plowed,Loose,Light,Light,Fine Gravel (19-5mm),15,0,0,0,0,15,0,0,0,0,3,6,0
Unit 208,34.98787261,33.71788583,William R. Caraher,Kokkinokremos Plain,None,100,Plowed,Loose,Light,Light,Sand (<5mm),27,0,0,0,1,26,0,0,0,0,1,14,1
Unit 209,34.98787004,33.71832408,William R. Caraher,Kokkinokremos Plain,None,100,Plowed,Loose,Light,Light,Sand (<5mm),20,1,2,0,0,17,0,0,0,0,0,11,1
Unit 210,34.98823328,33.71788895,William R. Caraher,Kokkinokremos Plain,None,80,Plowed,Loose,Light,Light,Sand (<5mm),16,0,1,0,0,13,2,0,0,0,0,8,0
Unit 211,34.98678803,33.71831472,William R. Caraher,Kokkinokremos Plain,None,100,Plowed,Loose,Light,Light,Fine Gravel (19-5mm),2,0,0,0,0,2,0,0,0,0,0,0,0
Unit 212,34.9867906,33.71787648,William R. Caraher,Kokkinokremos Plain,None,100,Plowed,Loose,Light,Light,Coarse Gravel (75-19mm),4,0,0,0,0,4,0,0,0,0,0,2,0
Unit 213,34.98570602,33.71830537,David K. Pettegrew,Dhekeleia,<= ankle,100,Plowed,Loose,Light,None,Coarse Gravel (75-19mm),7,0,0,0,1,6,0,0,0,0,1,2,0
Unit 214,34.98570859,33.71786713,David K. Pettegrew,Dhekeleia,<= ankle,100,Plowed,Loose,Light,None,Fine Gravel (19-5mm),0,0,0,0,0,0,0,0,0,0,0,0,0
Unit 215,34.98571115,33.71742889,David K. Pettegrew,Dhekeleia,<= ankle,90,Plowed,Loose,Light,None,Fine Gravel (19-5mm),1,1,0,0,0,0,0,0,0,0,0,0,0
Unit 216,34.98571371,33.71699065,David K. Pettegrew,Dhekeleia,<= ankle,90,Plowed,Loose,Light,None,Fine Gravel (19-5mm),1,0,0,0,0,1,0,0,0,0,0,1,0
Unit 217,34.98571627,33.71655241,David K. Pettegrew,Dhekeleia,<= ankle,90,Plowed,Loose,Light,None,Fine Gravel (19-5mm),0,0,0,0,0,0,0,0,0,0,0,0,0
Unit 218,34.98571883,33.71611418,David K. Pettegrew,Dhekeleia,<= ankle,90,Plowed,Loose,Light,None,Fine Gravel (19-5mm),0,0,0,0,0,0,0,0,0,0,0,0,0
Unit 219,34.98572139,33.71567594,David K. Pettegrew,Dhekeleia,<= ankle,100,Plowed,Loose,Light,Light,Sand (<5mm),0,0,0,0,0,0,0,0,0,0,0,0,0
Unit 220,34.98572395,33.7152377,David K. Pettegrew,Dhekeleia,<= ankle,90,Plowed,Loose,Light,None,Sand (<5mm),26,0,0,0,0,26,0,0,0,0,0,11,0
Unit 221,34.9857265,33.71479946,David K. Pettegrew,Dhekeleia,<= ankle,100,Plowed,Loose,Light,Light,Coarse Gravel (75-19mm),37,0,0,0,0,37,0,0,0,0,2,13,0
Unit 222,34.98572906,33.71436122,David K. Pettegrew,Dhekeleia,<= ankle,100,Plowed,Loose,Moderate,Light,Coarse Gravel (75-19mm),43,0,1,0,0,41,1,0,0,0,1,14,4
Unit 223,34.98573161,33.71392299,David K. Pettegrew,Dhekeleia,<= ankle,90,Plowed,Loose,Heavy,Light,Coarse Gravel (75-19mm),75,0,2,0,0,73,0,0,0,0,3,29,0
Unit 224,34.98608206,33.71567905,David K. Pettegrew,Dhekeleia,<= ankle,100,Plowed,Loose,Light,Light,Fine Gravel (19-5mm),24,0,0,0,0,24,0,0,0,0,2,12,0
Unit 225,34.9860795,33.71611729,David K. Pettegrew,Dhekeleia,<= ankle,100,Plowed,Loose,Light,Light,Sand (<5mm),14,0,1,0,1,12,0,0,0,0,2,2,0
Unit 226,34.98607694,33.71655553,David K. Pettegrew,Dhekeleia,<= ankle,90,Plowed,Loose,Light,Light,Sand (<5mm),1,0,0,0,0,1,0,0,0,0,0,0,0
Unit 227,34.98607438,33.71699376,David K. Pettegrew,Dhekeleia,<= waist,100,Plowed,Loose,Light,None,Sand (<5mm),0,0,0,0,0,0,0,0,0,0,0,0,0
Unit 228,34.98607182,33.717432,David K. Pettegrew,Dhekeleia,<= ankle,100,Plowed,Loose,Light,None,Sand (<5mm),0,0,0,0,0,0,0,0,0,0,0,0,0
Unit 229,34.98606926,33.71787024,David K. Pettegrew,Dhekeleia,<= ankle,100,Plowed,Loose,Light,None,Fine Gravel (19-5mm),2,0,0,0,0,0,2,0,0,0,0,0,0
Unit 230,34.98606669,33.71830848,David K. Pettegrew,Dhekeleia,<= ankle,100,Plowed,Loose,Light,None,Fine Gravel (19-5mm),0,0,0,0,0,0,0,0,0,0,0,0,0
Unit 231,34.98537349,33.71348165,William R. Caraher,Kokkinokremos Plain,None,100,Plowed,Loose,Light,Heavy,Coarse Gravel (75-19mm),79,0,1,0,0,78,0,0,0,0,6,22,2
Unit 232,34.98537094,33.71391989,William R. Caraher,Kokkinokremos Plain,None,100,Plowed,Loose,Light,Heavy,Coarse Gravel (75-19mm),62,0,0,0,0,62,0,0,0,1,2,29,0
Unit 233,34.98536839,33.71435812,William R. Caraher,Kokkinokremos Plain,None,100,Plowed,Loose,Light,Heavy,Fine Gravel (19-5mm),40,0,0,0,0,40,0,0,0,2,5,15,1
Unit 234,34.98536583,33.71479636,William R. Caraher,Kokkinokremos Plain,None,100,Plowed,Loose,Light,Light,Coarse Gravel (75-19mm),26,0,0,0,0,26,0,0,0,0,1,20,0
Unit 235,34.98536328,33.7152346,William R. Caraher,Kokkinokremos Plain,None,100,,,,,,4,0,0,0,0,4,0,0,0,0,0,2,0
Unit 236,34.98536072,33.71567283,William R. Caraher,Kokkinokremos Plain,None,100,Plowed,Loose,Light,Light,Coarse Gravel (75-19mm),0,0,0,0,0,0,0,0,0,0,0,0,0
Unit 237,34.98500516,33.71479326,William R. Caraher,Kokkinokremos Plain,None,100,Plowed,Loose,Light,Heavy,Coarse Gravel (75-19mm),2,0,0,0,0,2,0,0,0,0,0,2,0
Unit 238,34.98500772,33.71435502,William R. Caraher,Kokkinokremos Plain,None,100,Plowed,Loose,Light,Heavy,Coarse Gravel (75-19mm),9,0,0,0,0,9,0,0,0,1,0,6,0
Unit 239,34.98501027,33.71391679,William R. Caraher,Kokkinokremos Plain,None,100,Plowed,Loose,Light,Heavy,Coarse Gravel (75-19mm),37,0,0,0,0,36,1,0,0,0,2,17,0
Unit 240,34.98501282,33.71347855,David K. Pettegrew,Kokkinokremos Plain,None,100,Plowed,Loose,Light,None,Fine Gravel (19-5mm),54,0,0,0,0,54,0,0,0,0,0,24,0
Unit 241,34.98501537,33.71304032,William R. Caraher,Kokkinokremos Plain,None,100,Plowed,Loose,Light,Heavy,Coarse Gravel (75-19mm),46,0,0,0,0,46,0,0,0,1,4,22,3
Unit 242,34.98642993,33.71787336,William R. Caraher,Kokkinokremos Plain,None,100,Plowed,Loose,Light,Heavy,Coarse Gravel (75-19mm),0,0,0,0,0,0,0,0,0,0,0,0,0
Unit 243,34.98643249,33.71743512,William R. Caraher,Kokkinokremos Plain,None,100,Plowed,Loose,Light,Heavy,Coarse Gravel (75-19mm),2,0,0,0,0,1,1,0,0,0,1,0,0
Unit 244,34.98643505,33.71699688,William R. Caraher,Kokkinokremos Plain,None,100,Plowed,Loose,Light,Heavy,Coarse Gravel (75-19mm),3,0,0,0,0,3,0,0,0,0,0,0,0
Unit 245,34.98643762,33.71655864,William R. Caraher,Kokkinokremos Plain,None,100,Plowed,Loose,Light,Heavy,Coarse Gravel (75-19mm),26,0,0,0,0,26,0,0,0,0,3,3,1
Unit 246,34.98644017,33.71612039,William R. Caraher,Kokkinokremos Plain,None,100,Plowed,Loose,Light,Heavy,Coarse Gravel (75-19mm),60,0,0,0,0,60,0,0,0,0,4,22,0
Unit 247,34.98644273,33.71568215,William R. Caraher,Kokkinokremos Plain,None,100,Plowed,Loose,Light,Heavy,Coarse Gravel (75-19mm),52,0,0,0,0,51,1,0,0,4,1,17,0
Unit 248,34.98358286,33.71127503,David K. Pettegrew,Water Plant,<= ankle,60,Plowed,Compacted,Light,None,Fine Gravel (19-5mm),0,0,0,0,0,0,0,0,0,0,0,0,0
Unit 249,34.98322219,33.71127194,David K. Pettegrew,Water Plant,<= knee,50,Plowed,Compacted,Light,None,Sand (<5mm),29,0,0,0,0,29,0,0,0,0,0,4,0
Unit 250,34.98286152,33.71126885,David K. Pettegrew,Water Plant,<= knee,50,Plowed,Compacted,Light,None,Fine Gravel (19-5mm),15,0,0,0,0,15,0,0,0,1,3,1,0
Unit 251,34.98250085,33.71126576,David K. Pettegrew,Water Plant,<= knee,60,Plowed,Compacted,Light,None,Fine Gravel (19-5mm),3,0,0,0,0,3,0,0,0,0,0,1,0
Unit 252,34.98642736,33.7183116,William R. Caraher,Water Plant,None,100,Plowed,Loose,Light,Heavy,Coarse Gravel (75-19mm),0,0,0,0,0,0,0,0,0,0,0,0,0
Unit 501,34.9837667,33.70620921,William R. Caraher,Vigla,<= ankle,80,Plowed,Compacted,Light,Heavy,Coarse Gravel (75-19mm),965,5,3,1,1,948,7,0,10,113,89,71,1
Unit 502,34.98397758,33.71747852,David K. Pettegrew,Dhekeleia,None,90,Plowed,Loose,Moderate,Light,Coarse Gravel (75-19mm),21,0,0,0,0,21,0,0,1,1,4,7,1
Unit 503,34.98342055,33.71658664,David K. Pettegrew,Dhekeleia,<= ankle,80,Plowed,Loose,Moderate,None,Coarse Gravel (75-19mm),18,1,2,0,0,15,0,0,0,1,1,8,0
Unit 504,34.98278794,33.71567721,David K. Pettegrew,Dhekeleia,None,100,Plowed,Loose,Moderate,Light,Coarse Gravel (75-19mm),32,0,7,0,1,23,1,0,0,0,0,9,0
Unit 505,34.98214449,33.71478235,David K. Pettegrew,Dhekeleia,<= ankle,60,Plowed,Compacted,Light,None,Coarse Gravel (75-19mm),23,1,6,0,0,16,0,0,0,0,1,4,0
Unit 506,34.98158513,33.71385773,David K. Pettegrew,Dhekeleia,<= knee,30,Unplowed,Compacted,Light,None,Coarse Gravel (75-19mm),8,1,1,0,0,4,0,2,0,0,0,0,0
Unit 507,34.98118368,33.71290896,David K. Pettegrew,Dhekeleia,<= knee,40,Plowed,Compacted,Light,None,Fine Gravel (19-5mm),4,0,0,0,0,4,0,0,0,0,1,0,0
Unit 508,34.98089177,33.71196444,David K. Pettegrew,Dhekeleia,<= knee,40,Plowed,Compacted,Moderate,None,Fine Gravel (19-5mm),15,0,0,0,0,15,0,0,0,0,1,5,0
Unit 509,34.98142136,33.71190484,David K. Pettegrew,Dhekeleia,<= ankle,40,Plowed,Compacted,Moderate,Light,Fine Gravel (19-5mm),6,0,0,0,0,6,0,0,0,0,1,4,0
Unit 510,34.98166112,33.71274436,David K. Pettegrew,Dhekeleia,<= ankle,60,Unplowed,Compacted,Light,Light,Sand (<5mm),2,0,0,0,0,2,0,0,0,0,1,0,0
Unit 511,34.98202163,33.71381693,David K. Pettegrew,Dhekeleia,<= ankle,50,Plowed,Compacted,Light,None,Fine Gravel (19-5mm),4,0,0,0,0,4,0,0,0,0,0,0,1
Unit 512,34.98260657,33.71465846,David K. Pettegrew,Dhekeleia,<= ankle,70,Plowed,Loose,Light,None,Coarse Gravel (75-19mm),3,1,0,0,0,2,0,0,0,0,0,0,0
Unit 513,34.98315329,33.715321,David K. Pettegrew,Dhekeleia,<= ankle,100,Plowed,Loose,Light,None,Coarse Gravel (75-19mm),6,0,0,0,0,6,0,0,0,0,1,5,0
Unit 514,34.98371416,33.71616455,David K. Pettegrew,Dhekeleia,<= ankle,90,Plowed,Loose,Light,None,Fine Gravel (19-5mm),8,0,0,1,0,7,0,0,0,0,0,1,0
Unit 515,34.98430336,33.71709077,David K. Pettegrew,Dhekeleia,<= ankle,90,Plowed,Loose,Light,None,Coarse Gravel (75-19mm),8,0,2,0,0,6,0,0,0,0,0,3,0
Unit 516,34.98484289,33.71795687,David K. Pettegrew,Dhekeleia,<= ankle,90,Plowed,Loose,Light,None,Fine Gravel (19-5mm),3,0,0,0,0,3,0,0,0,0,0,1,0
Unit 517,34.9850489,33.71746778,David K. Pettegrew,Dhekeleia,<= ankle,100,Plowed,Loose,Light,None,Coarse Gravel (75-19mm),0,0,0,0,0,0,0,0,0,0,0,0,0
Unit 518,34.98454241,33.71654879,David K. Pettegrew,Dhekeleia,<= ankle,100,Plowed,Loose,Light,None,Fine Gravel (19-5mm),0,0,0,0,0,0,0,0,0,0,0,0,0
Unit 519,34.98404075,33.71572967,David K. Pettegrew,Dhekeleia,<= ankle,90,Plowed,Loose,Light,None,Coarse Gravel (75-19mm),2,0,0,0,0,2,0,0,0,0,0,2,0
Unit 520,34.98338365,33.71488138,David K. Pettegrew,Dhekeleia,<= ankle,100,Plowed,Loose,Light,None,Fine Gravel (19-5mm),5,1,1,0,0,3,0,0,0,0,0,1,0
Unit 521,34.98280443,33.71423414,David K. Pettegrew,Dhekeleia,<= ankle,90,Plowed,Loose,Light,None,Fine Gravel (19-5mm),0,0,0,0,0,0,0,0,0,0,0,0,0
Unit 522,34.98232457,33.713543,David K. Pettegrew,Dhekeleia,<= knee,80,Plowed,Compacted,Light,None,Fine Gravel (19-5mm),2,1,0,0,0,1,0,0,0,0,0,0,0
Unit 523,34.98196976,33.7122116,David K. Pettegrew,Dhekeleia,<= knee,60,Plowed,Compacted,Light,None,Fine Gravel (19-5mm),1,0,1,0,0,0,0,0,0,0,0,0,0
Unit 524,34.9823716,33.71215992,David K. Pettegrew,Dhekeleia,<= knee,40,Plowed,Compacted,Light,None,Fine Gravel (19-5mm),4,0,0,0,0,4,0,0,0,0,0,1,0
Unit 525,34.98265797,33.71319714,David K. Pettegrew,Dhekeleia,<= knee,50,Plowed,Loose,Light,None,Fine Gravel (19-5mm),2,0,0,0,0,2,0,0,0,0,0,1,0
Unit 526,34.98312449,33.71389102,David K. Pettegrew,Dhekeleia,None,100,Plowed,Loose,None,None,Fine Gravel (19-5mm),2,1,0,0,0,1,0,0,0,0,1,0,0
Unit 527,34.98372144,33.71454643,David K. Pettegrew,Dhekeleia,None,100,Plowed,Loose,Light,Light,Fine Gravel (19-5mm),7,0,1,0,0,6,0,0,0,0,0,1,0
Unit 528,34.9843304,33.71532389,David K. Pettegrew,Dhekeleia,<= ankle,90,Plowed,Loose,Light,None,Sand (<5mm),1,0,0,0,0,1,0,0,1,0,0,0,0
Unit 529,34.98502342,33.71645519,David K. Pettegrew,Dhekeleia,<= ankle,90,Plowed,Loose,Light,None,Sand (<5mm),0,0,0,0,0,0,0,0,0,0,0,0,0
Unit 530,34.9848273,33.71527477,David K. Pettegrew,Dhekeleia,<= ankle,90,Plowed,Loose,Light,None,Sand (<5mm),1,0,0,0,0,1,0,0,0,0,0,0,0
Unit 531,34.98414734,33.71435245,David K. Pettegrew,Dhekeleia,<= ankle,70,Plowed,Loose,Light,None,Fine Gravel (19-5mm),0,0,0,0,0,0,0,0,0,0,0,0,0
Unit 532,34.98357582,33.71371387,David K. Pettegrew,Dhekeleia,<= knee,50,Plowed,Compacted,Light,None,Fine Gravel (19-5mm),0,0,0,0,0,0,0,0,0,0,0,0,0
Unit 533,34.98311894,33.71300184,David K. Pettegrew,Dhekeleia,<= knee,50,Plowed,Compacted,Light,None,Fine Gravel (19-5mm),0,0,0,0,0,0,0,0,0,0,0,0,0
Unit 534,34.98279499,33.71204259,David K. Pettegrew,Dhekeleia,<= knee,70,Plowed,Compacted,Light,None,,0,0,0,0,0,0,0,0,0,0,0,0,0
Unit 535,34.98321629,33.71192602,David K. Pettegrew,Dhekeleia,<= knee,50,Plowed,Compacted,Moderate,None,Sand (<5mm),1,0,0,0,0,1,0,0,0,0,0,1,0
Unit 536,34.98351931,33.71281554,David K. Pettegrew,Dhekeleia,<= knee,70,Plowed,Loose,Light,None,Sand (<5mm),2,0,0,0,0,2,0,0,0,0,0,1,0
Unit 537,34.98179202,33.70274099,David K. Pettegrew,West Pyla,<= ankle,40,Plowed,Compacted,Light,None,Fine Gravel (19-5mm),21,1,0,1,0,18,1,0,0,1,1,6,0
Unit 538,34.98225334,33.70274975,David K. Pettegrew,West Pyla,<= ankle,60,Plowed,Compacted,Moderate,None,Fine Gravel (19-5mm),0,0,0,0,0,0,0,0,0,0,0,0,0
Unit 539,34.98268669,33.7026943,David K. Pettegrew,West Pyla,<= ankle,40,Plowed,Compacted,Light,None,Fine Gravel (19-5mm),23,0,1,0,0,22,0,0,0,2,1,5,0
Unit 540,34.98300974,33.70255427,David K. Pettegrew,West Pyla,<= knee,70,Plowed,Compacted,Light,None,Coarse Gravel (75-19mm),15,0,0,0,0,15,0,0,0,0,0,1,0
Unit 541,34.98257389,33.701473,David K. Pettegrew,West Pyla,<= ankle,80,Plowed,Compacted,Light,Light,Fine Gravel (19-5mm),60,1,0,0,0,59,0,0,0,0,3,9,0
Unit 542,34.98223849,33.70138956,David K. Pettegrew,West Pyla,<= knee,70,Plowed,Compacted,Moderate,Light,Coarse Gravel (75-19mm),47,0,0,0,0,46,1,0,0,2,7,10,0
Unit 543,34.98197909,33.7014392,David K. Pettegrew,West Pyla,<= knee,80,Plowed,Compacted,Light,None,Fine Gravel (19-5mm),5,0,0,0,0,5,0,0,0,0,0,3,0
Unit 544,34.98127837,33.7012842,David K. Pettegrew,West Pyla,<= knee,80,Plowed,Compacted,Light,Light,Coarse Gravel (75-19mm),44,0,0,0,0,44,0,0,0,1,6,10,0
Unit 545,34.98020182,33.70107138,David K. Pettegrew,West Pyla,<= knee,60,Plowed,Compacted,Light,Light,Coarse Gravel (75-19mm),3,0,0,0,0,3,0,0,0,1,1,1,0
Unit 546,34.98076417,33.70071766,David K. Pettegrew,West Pyla,<= ankle,80,Plowed,Compacted,Moderate,Light,Coarse Gravel (75-19mm),167,0,1,0,0,164,0,0,0,4,10,35,1
Unit 547,34.98360105,33.71192906,David K. Pettegrew,Water Plant,<= knee,50,Plowed,Compacted,Light,None,Sand (<5mm),11,0,0,0,0,11,0,0,0,0,0,0,0
Unit 549,34.98429464,33.71396776,David K. Pettegrew,Kokkinokremos Plain,<= knee,70,Plowed,Loose,Light,Light,Sand (<5mm),10,0,0,0,0,10,0,0,0,0,0,9,0
Unit 1005,34.98556011,33.70662749,William R. Caraher,Vigla North,<= ankle,90,Plowed,Loose,Moderate,None,Coarse Gravel (75-19mm),0,0,0,0,0,0,0,0,0,0,0,0,0
Unit 1006,34.9861062,33.70657404,William R. Caraher,Vigla North,<= ankle,90,Plowed,Loose,Moderate,None,Coarse Gravel (75-19mm),93,0,0,0,0,92,1,0,8,10,30,2,0
Unit 1007,34.98619472,33.70744038,William R. Caraher,Vigla North,<= ankle,90,Plowed,Loose,Moderate,None,Coarse Gravel (75-19mm),59,0,0,0,0,59,0,0,7,5,17,1,0
Unit 1008,34.98628898,33.70831318,William R. Caraher,Vigla North,<= ankle,90,Plowed,Loose,Moderate,None,Cobble (300-75mm),71,0,0,0,2,69,0,0,18,3,3,8,0
Unit 1009,34.98638618,33.70918423,William R. Caraher,Vigla North,<= ankle,90,Plowed,Loose,Moderate,None,Boulder (>300mm),198,0,1,0,0,197,0,0,21,8,40,22,0
Unit 1010,34.98605953,33.70913314,William R. Caraher,Vigla North,<= ankle,90,Plowed,Loose,Moderate,None,Boulder (>300mm),87,0,0,0,0,86,1,0,11,10,18,4,0
Unit 1011,34.98601563,33.70849358,William R. Caraher,Vigla North,<= ankle,90,Plowed,Loose,Moderate,None,Cobble (300-75mm),70,0,0,0,0,70,0,0,8,7,11,1,0
Unit 1012,34.98720199,33.70677732,Dimitri Nakassis,Vigla,<= ankle,50,Plowed,Compacted,Light,None,Cobble (300-75mm),128,0,0,0,0,128,0,0,24,6,13,6,1
Unit 1013,34.98731736,33.70764943,Dimitri Nakassis,Vigla,<= ankle,40,Plowed,Compacted,Light,None,Fine Gravel (19-5mm),119,0,0,0,0,119,0,0,17,15,17,2,0
Unit 1014,34.98742865,33.70851493,Dimitri Nakassis,Vigla,<= ankle,30,Plowed,Compacted,Light,None,Fine Gravel (19-5mm),65,0,0,0,0,65,0,0,9,0,10,4,0
Unit 1015,34.98751275,33.70916218,Dimitri Nakassis,Vigla,<= ankle,30,Plowed,Compacted,Light,None,Fine Gravel (19-5mm),39,0,0,0,0,38,1,0,1,0,12,1,0
Unit 1016,34.9878752,33.70910894,Dimitri Nakassis,Vigla,<= ankle,40,,,,,,24,0,0,0,0,24,0,0,5,0,2,3,0
Unit 1017,34.98779052,33.70846115,Dimitri Nakassis,Vigla,<= knee,30,Plowed,Compacted,Light,None,Fine Gravel (19-5mm),32,0,0,0,0,32,0,0,2,1,5,2,0
Unit 1018,34.9876775,33.70759855,Dimitri Nakassis,Vigla,<= ankle,40,Plowed,Compacted,Moderate,None,Coarse Gravel (75-19mm),44,0,0,0,0,44,0,0,0,2,5,4,0
Unit 1019,34.98756711,33.70673421,Dimitri Nakassis,Vigla,<= ankle,40,Plowed,Compacted,Moderate,None,Coarse Gravel (75-19mm),50,0,0,0,0,50,0,0,0,3,11,9,0
Unit 1020,34.98804153,33.70754209,Dimitri Nakassis,Vigla,<= knee,50,Plowed,Compacted,Light,None,Coarse Gravel (75-19mm),0,0,0,0,0,0,0,0,0,0,0,0,0
Unit 1021,34.98815756,33.70840057,Dimitri Nakassis,Vigla,<= knee,50,Plowed,Compacted,Light,None,Coarse Gravel (75-19mm),47,0,0,0,0,47,0,0,14,2,5,3,0
Unit 1022,34.98852008,33.70834748,Dimitri Nakassis,Vigla,<= ankle,40,Plowed,Compacted,Light,None,Coarse Gravel (75-19mm),35,0,0,0,0,35,0,0,0,6,4,4,0
Unit 1023,34.98840233,33.70749024,Dimitri Nakassis,Vigla,<= knee,50,Plowed,Compacted,Moderate,None,Coarse Gravel (75-19mm),55,0,0,0,0,55,0,0,4,3,8,2,0
Unit 1024,34.98875954,33.70744391,Dimitri Nakassis,Vigla,<= ankle,70,Plowed,Compacted,Moderate,None,Coarse Gravel (75-19mm),53,0,0,0,0,53,0,0,4,3,10,1,0
Unit 1025,34.98887546,33.70830327,Dimitri Nakassis,Vigla,<= ankle,70,Plowed,Compacted,Moderate,None,Coarse Gravel (75-19mm),52,0,0,0,0,52,0,0,0,0,12,6,0
Unit 1026,34.98923473,33.70825604,Dimitri Nakassis,Vigla,<= ankle,60,Plowed,Compacted,Moderate,None,Coarse Gravel (75-19mm),37,0,0,0,0,36,0,0,8,0,8,1,0
Unit 1027,34.98911645,33.70739324,Dimitri Nakassis,Vigla,<= knee,60,Plowed,Compacted,Light,None,Cobble (300-75mm),60,0,1,0,0,59,0,0,1,0,8,25,0
Unit 1028,34.98951382,33.70756085,Dimitri Nakassis,Vigla,<= knee,30,Plowed,Compacted,Light,None,Cobble (300-75mm),20,0,0,0,0,20,0,0,0,1,2,3,0
Unit 1029,34.98959459,33.70821325,William R. Caraher,Vigla,<= knee,50,Plowed,Compacted,,None,Cobble (300-75mm),46,0,0,0,0,46,0,0,0,2,6,19,0
Unit 1030,34.98988338,33.70751319,William R. Caraher,Vigla,<= knee,50,Plowed,Compacted,Moderate,None,Coarse Gravel (75-19mm),52,0,0,0,0,52,0,0,0,1,15,19,0
Unit 1031,34.98995647,33.70816721,William R. Caraher,Vigla,<= knee,40,Plowed,Compacted,Moderate,None,Cobble (300-75mm),17,0,0,0,0,17,0,0,0,0,1,4,0
Unit 1032,34.99025268,33.70745887,William R. Caraher,Vigla,<= knee,40,Plowed,Compacted,Moderate,None,Cobble (300-75mm),10,0,0,0,0,10,0,0,0,0,1,9,0
Unit 1033,34.99031572,33.70810956,William R. Caraher,Vigla,<= knee,30,Plowed,Compacted,Moderate,None,Coarse Gravel (75-19mm),38,0,0,0,0,38,0,0,1,0,13,18,0
Unit 1034,34.99041309,33.70880604,William R. Caraher,Vigla,<= knee,30,Plowed,Compacted,Moderate,None,Coarse Gravel (75-19mm),13,0,0,0,0,13,0,0,0,1,0,12,0
Unit 1035,34.9907566,33.70876851,William R. Caraher,Vigla,<= knee,,Plowed,Compacted,Moderate,None,Cobble (300-75mm),14,0,0,0,0,14,0,0,0,0,0,9,0
Unit 1036,34.99067929,33.70811319,William R. Caraher,Vigla,<= knee,30,Plowed,Compacted,Moderate,None,Coarse Gravel (75-19mm),23,0,0,0,0,23,0,0,0,0,5,16,0
Unit 1037,34.99064881,33.70745822,William R. Caraher,Vigla,<= knee,30,Plowed,Compacted,Moderate,None,Cobble (300-75mm),11,0,0,0,0,11,0,0,0,0,0,10,0
Unit 1038,34.9910249,33.70747562,William R. Caraher,Vigla,<= knee,30,Plowed,Compacted,Moderate,None,Cobble (300-75mm),25,0,0,0,0,25,0,0,0,0,1,15,0
Unit 1039,34.99106045,33.70809696,William R. Caraher,Vigla,<= knee,30,Unplowed,Compacted,Moderate,None,Cobble (300-75mm),23,0,1,0,0,22,0,0,0,0,9,8,0
Unit 1040,34.991431,33.70802655,William R. Caraher,Vigla,<= knee,30,Unplowed,Compacted,Moderate,None,Cobble (300-75mm),15,0,0,0,0,15,0,0,0,0,6,4,0
Unit 1041,34.99138321,33.70740446,William R. Caraher,Vigla,,,Unplowed,Compacted,Moderate,None,Cobble (300-75mm),24,0,0,0,0,24,0,0,0,1,1,9,0
Unit 1042,34.99174912,33.70731133,William R. Caraher,Vigla,<= ankle,50,Plowed,Compacted,Moderate,None,Cobble (300-75mm),21,0,0,0,0,21,0,0,0,0,2,10,0
Unit 1043,34.99178208,33.70795316,William R. Caraher,Vigla,<= knee,,Unplowed,Compacted,Moderate,None,Cobble (300-75mm),30,0,0,0,0,30,0,0,0,0,4,7,0
Unit 1044,34.99214666,33.70791814,William R. Caraher,Vigla,<= knee,20,Unplowed,Compacted,Moderate,None,Cobble (300-75mm),34,0,0,0,0,34,0,0,0,0,4,4,0
Unit 1045,34.99211577,33.70725346,William R. Caraher,Vigla,,,Unplowed,Compacted,Moderate,None,Cobble (300-75mm),28,0,1,0,0,27,0,0,0,0,3,5,0
Unit 1046,34.9924467,33.70697127,William R. Caraher,Vigla,<= knee,40,Unplowed,Compacted,Moderate,None,Cobble (300-75mm),62,0,0,0,0,62,0,0,0,0,16,10,0
Unit 1047,34.99249584,33.70787565,William R. Caraher,Vigla,<= knee,40,Unplowed,Compacted,Moderate,None,Cobble (300-75mm),23,0,1,1,0,21,0,0,0,1,2,4,0
Unit 1048,34.99279357,33.70692875,Brandon Olson,Vigla,<= knee,40,Unplowed,Compacted,Moderate,None,Cobble (300-75mm),50,0,0,0,0,50,0,0,0,0,23,5,0
Unit 1049,34.99283994,33.70781375,Brandon Olson,Vigla,<= knee,40,Unplowed,Compacted,Moderate,None,Coarse Gravel (75-19mm),44,0,0,0,0,44,0,0,0,2,4,11,0
Unit 1050,34.99288918,33.70848111,Brandon Olson,Vigla,<= knee,50,Unplowed,Compacted,Moderate,None,Cobble (300-75mm),24,0,0,0,0,24,0,0,0,1,5,2,0
Unit 1051,34.99315495,33.70687119,Brandon Olson,Vigla,<= knee,60,Plowed,Compacted,Moderate,None,Coarse Gravel (75-19mm),74,0,0,0,0,74,0,0,0,4,3,12,0
Unit 1052,34.99320304,33.70777022,Brandon Olson,Vigla,<= knee,50,Plowed,Compacted,Moderate,None,Coarse Gravel (75-19mm),56,0,0,0,0,56,0,0,0,3,4,3,0
Unit 1053,34.99324461,33.70844772,Brandon Olson,Vigla,<= knee,50,Plowed,Compacted,Moderate,None,Coarse Gravel (75-19mm),24,0,0,0,0,24,0,0,0,0,1,5,0
Unit 1054,34.99351706,33.70682092,Brandon Olson,Vigla,<= knee,40,Plowed,Compacted,Moderate,None,Coarse Gravel (75-19mm),53,0,0,0,0,53,0,0,0,0,0,10,0
Unit 1055,34.99356243,33.70771877,Brandon Olson,Vigla,<= knee,30,Plowed,Compacted,Moderate,None,Coarse Gravel (75-19mm),37,0,0,0,0,37,0,0,0,0,1,8,0
Unit 1056,34.99361232,33.70862491,Brandon Olson,Vigla,<= waist,30,Plowed,Compacted,Moderate,None,Coarse Gravel (75-19mm),50,0,0,0,0,50,0,0,0,2,4,11,0
Unit 1057,34.99387094,33.70677485,Brandon Olson,Vigla,<= ankle,50,Plowed,Compacted,Moderate,None,Coarse Gravel (75-19mm),57,0,1,0,0,56,0,0,0,0,4,19,0
Unit 1058,34.99392115,33.70767852,Brandon Olson,Vigla,<= waist,30,Plowed,Compacted,Moderate,None,Coarse Gravel (75-19mm),31,0,0,0,0,31,0,0,0,0,2,7,0
Unit 1059,34.99396174,33.70858077,Brandon Olson,Vigla,<= waist,20,Plowed,Compacted,Moderate,None,Coarse Gravel (75-19mm),26,0,0,0,0,26,0,0,0,0,7,4,0
Unit 1060,34.99401298,33.70944669,Brandon Olson,Vigla,<= knee,30,Plowed,Compacted,Moderate,None,Coarse Gravel (75-19mm),48,0,0,0,0,48,0,0,0,0,5,12,0
Unit 1061,34.99405184,33.71010178,Brandon Olson,Vigla,<= knee,40,Plowed,Compacted,Moderate,None,Cobble (300-75mm),24,0,0,0,0,24,0,0,0,0,0,0,0
Unit 1062,34.994218,33.70673236,Brandon Olson,Vigla,<= knee,50,Unplowed,Compacted,Moderate,None,Cobble (300-75mm),36,0,0,0,0,36,0,0,0,0,3,7,0
Unit 1063,34.99427324,33.70765053,Brandon Olson,Vigla,<= waist,30,Unplowed,Compacted,Moderate,None,Coarse Gravel (75-19mm),58,0,0,0,0,58,0,0,1,1,2,8,0
Unit 1064,34.99432095,33.70853659,Brandon Olson,Vigla,<= waist,30,Plowed,Compacted,Moderate,None,Coarse Gravel (75-19mm),47,0,0,0,0,47,0,0,0,1,5,15,0
Unit 1065,34.99435503,33.70937531,Brandon Olson,Vigla,<= ankle,60,Unplowed,Compacted,Moderate,None,Coarse Gravel (75-19mm),67,0,0,0,0,67,0,0,0,0,0,10,0
Unit 1066,34.99454514,33.70668719,Brandon Olson,Vigla,<= knee,50,Unplowed,Compacted,Moderate,None,Coarse Gravel (75-19mm),38,0,0,0,0,38,0,0,0,0,0,0,0
Unit 1067,34.99459963,33.7076139,Brandon Olson,Vigla,<= ankle,60,Unplowed,Compacted,Light,None,Cobble (300-75mm),13,0,0,0,0,13,0,0,0,0,2,0,0
Unit 1300,34.98977368,33.71406268,William R. Caraher,Kokkinokremos,<= ankle,70,Unplowed,Compacted,Moderate,None,Cobble (300-75mm),100,0,0,0,1,90,9,0,2,59,1,0,0
Unit 1301,34.98967051,33.71466548,William R. Caraher,Kokkinokremos,<= knee,70,Plowed,Compacted,Moderate,None,Coarse Gravel (75-19mm),34,0,0,0,1,28,5,0,3,18,1,0,0
Unit 1302,34.98959899,33.71513494,William R. Caraher,Kokkinokremos,<= ankle,70,Unplowed,Compacted,Moderate,None,Coarse Gravel (75-19mm),41,0,0,0,1,38,1,0,3,26,3,0,0
Unit 1303,34.98941358,33.7154537,William R. Caraher,Kokkinokremos,<= ankle,70,Unplowed,Compacted,Moderate,None,Coarse Gravel (75-19mm),70,0,0,0,1,64,5,0,10,35,1,3,0
Unit 1304,34.98912998,33.71574338,William R. Caraher,Kokkinokremos,<= knee,80,Unplowed,Compacted,Heavy,None,Coarse Gravel (75-19mm),78,0,0,0,0,73,5,0,4,47,2,5,0
Unit 1305,34.98878462,33.71595727,William R. Caraher,Kokkinokremos,<= knee,80,Unplowed,Compacted,Heavy,None,Coarse Gravel (75-19mm),83,0,0,0,0,75,6,0,6,46,2,4,0
Unit 1306,34.98843427,33.71612024,William R. Caraher,Kokkinokremos,<= knee,80,Unplowed,Compacted,Heavy,None,Cobble (300-75mm),59,0,0,0,0,55,4,0,1,28,2,0,0
Unit 1307,34.98833161,33.71661135,William R. Caraher,Kokkinokremos,<= knee,80,Unplowed,Compacted,Heavy,None,Cobble (300-75mm),46,0,0,0,1,45,0,0,4,30,1,4,0
Unit 1308,34.9889118,33.7167937,William R. Caraher,Kokkinokremos,<= knee,80,Unplowed,Compacted,Heavy,None,Cobble (300-75mm),97,0,0,0,1,95,1,0,3,79,0,4,0
Unit 1309,34.98944932,33.71640569,William R. Caraher,Kokkinokremos,<= knee,80,Unplowed,Compacted,Moderate,None,Cobble (300-75mm),41,1,0,0,0,35,5,0,1,26,1,1,0
Unit 1310,34.98990134,33.71584505,William R. Caraher,Kokkinokremos,<= knee,50,Unplowed,Compacted,Moderate,None,Cobble (300-75mm),37,0,0,0,0,37,0,0,3,30,0,1,0
Unit 1311,34.98878918,33.71646046,Dimitri Nakassis,Kokkinokremos,,,,,,,,85,0,0,0,0,81,4,0,19,55,1,1,0
Unit 1312,34.98930102,33.71613383,Dimitri Nakassis,Kokkinokremos,<= ankle,80,Plowed,Compacted,Light,None,Cobble (300-75mm),63,0,0,0,0,63,0,0,2,34,1,0,0
Unit 1313,34.98960991,33.71579883,Dimitri Nakassis,Kokkinokremos,<= ankle,70,Plowed,Compacted,Light,None,Cobble (300-75mm),49,0,0,0,0,47,2,0,5,32,1,0,0
Unit 1314,34.98980913,33.71548229,Dimitri Nakassis,Kokkinokremos,<= ankle,70,Plowed,Compacted,Moderate,None,Cobble (300-75mm),56,0,0,0,0,56,0,0,4,44,4,0,0
Unit 1315,34.9899766,33.71480839,Dimitri Nakassis,Kokkinokremos,<= ankle,70,Plowed,Compacted,Moderate,None,Coarse Gravel (75-19mm),47,0,0,0,0,47,0,0,5,37,0,0,0
Unit 1316,34.99027667,33.71457826,Dimitri Nakassis,Kokkinokremos,<= ankle,50,Plowed,Compacted,Moderate,None,Coarse Gravel (75-19mm),57,0,0,0,0,57,0,0,2,30,1,2,0
Unit 1317,34.99067624,33.71461542,Dimitri Nakassis,Kokkinokremos,<= ankle,50,Plowed,Compacted,Moderate,None,Coarse Gravel (75-19mm),40,0,0,0,0,40,0,0,1,24,0,1,0
Unit 1318,34.9903204,33.71413459,Brandon Olson,Kokkinokremos,<= ankle,80,Plowed,Compacted,Moderate,None,Coarse Gravel (75-19mm),69,0,0,0,1,65,3,0,3,41,0,3,0
Unit 1319,34.99066694,33.71415862,Dimitri Nakassis,Kokkinokremos,<= knee,70,Plowed,Compacted,Moderate,None,Cobble (300-75mm),52,0,0,0,0,52,0,0,3,39,0,2,0
Unit 1320,34.99032538,33.71359429,Brandon Olson,Kokkinokremos,<= ankle,70,Plowed,Compacted,Light,None,Coarse Gravel (75-19mm),81,0,0,0,0,79,2,0,4,61,0,5,5
Unit 1321,34.99068242,33.71360847,Dimitri Nakassis,Kokkinokremos,<= knee,80,Plowed,Compacted,Moderate,Light,Cobble (300-75mm),50,0,0,0,0,50,0,0,6,29,2,0,0
Unit 1322,34.99032889,33.71309825,Brandon Olson,Kokkinokremos,<= ankle,70,Plowed,Compacted,Moderate,None,Cobble (300-75mm),61,0,0,0,0,55,6,0,0,38,1,0,5
Unit 1323,34.99070461,33.71313003,Dimitri Nakassis,Kokkinokremos,<= ankle,60,Plowed,Compacted,Moderate,None,Cobble (300-75mm),30,0,0,0,0,30,0,0,8,11,3,0,0
Unit 1324,34.99100952,33.71416197,Dimitri Nakassis,Kokkinokremos,<= ankle,60,Plowed,Compacted,Moderate,None,Cobble (300-75mm),33,0,0,0,0,32,1,0,0,16,1,0,0
Unit 1325,34.99102874,33.71364686,Brandon Olson,Kokkinokremos,<= knee,60,Plowed,Compacted,Moderate,None,Cobble (300-75mm),71,0,0,0,0,69,2,0,13,45,1,0,0
Unit 1326,34.99107905,33.71318304,Brandon Olson,Kokkinokremos,<= ankle,60,Plowed,Compacted,Moderate,None,Coarse Gravel (75-19mm),32,0,0,0,0,30,2,0,4,23,1,0,0
Unit 1327,34.99131617,33.71363578,Dimitri Nakassis,Kokkinokremos,<= knee,60,Plowed,Compacted,Moderate,None,Coarse Gravel (75-19mm),14,0,0,0,0,14,0,0,0,10,1,0,0
Unit 1328,34.9900298,33.71392718,Dimitri Nakassis,Kokkinokremos,<= ankle,70,Plowed,Compacted,Moderate,None,Cobble (300-75mm),64,0,0,0,0,62,2,0,5,41,1,1,0
Unit 1329,34.98988371,33.71339537,Brandon Olson,Kokkinokremos,<= ankle,70,Plowed,Compacted,Moderate,None,Cobble (300-75mm),39,0,0,0,0,38,1,0,0,31,1,0,0
Unit 1330,34.98942632,33.71346036,Brandon Olson,Kokkinokremos,<= ankle,70,Plowed,Compacted,Moderate,None,Coarse Gravel (75-19mm),62,0,0,0,0,61,1,0,1,53,3,1,0
Unit 1331,34.98991043,33.71309238,Dimitri Nakassis,Kokkinokremos,<= knee,70,Plowed,Compacted,Moderate,None,Cobble (300-75mm),0,0,0,0,0,0,0,0,0,0,0,0,0
Unit 1332,34.98951401,33.71315792,Dimitri Nakassis,Kokkinokremos,<= ankle,70,Plowed,Compacted,Moderate,None,Cobble (300-75mm),25,0,0,0,0,25,0,0,0,21,4,0,0
Unit 1333,34.98899789,33.71353398,Brandon Olson,Kokkinokremos,<= ankle,80,Plowed,Compacted,Moderate,None,Coarse Gravel (75-19mm),73,0,0,0,0,72,1,0,7,37,9,0,0
Unit 1334,34.99091012,33.71479708,David K. Pettegrew,Kokkinokremos,<= knee,70,Unplowed,Compacted,Moderate,Light,Coarse Gravel (75-19mm),28,0,0,0,0,28,0,0,1,17,2,0,0
Unit 1335,34.99131558,33.71424272,David K. Pettegrew,Kokkinokremos,<= knee,50,Unplowed,Compacted,Moderate,Light,Coarse Gravel (75-19mm),10,0,0,0,0,10,0,0,1,9,0,0,0
Unit 1336,34.99165733,33.7135271,David K. Pettegrew,Kokkinokremos,<= knee,60,Unplowed,Compacted,Moderate,Light,Coarse Gravel (75-19mm),38,0,0,0,0,37,1,0,7,23,0,0,0
Unit 1337,34.99167441,33.71255677,David K. Pettegrew,Kokkinokremos,<= knee,30,Unplowed,Compacted,Moderate,Light,Coarse Gravel (75-19mm),17,0,0,0,0,17,0,0,0,16,0,0,0
Unit 1338,34.99153741,33.71161511,David K. Pettegrew,Kokkinokremos,<= knee,40,Unplowed,Compacted,Moderate,Light,Coarse Gravel (75-19mm),33,0,0,0,0,33,0,0,3,26,1,1,0
Unit 1339,34.99099407,33.71191705,Dimitri Nakassis,Kokkinokremos,<= knee,50,Unplowed,Compacted,Moderate,None,Cobble (300-75mm),43,0,0,0,0,42,1,0,3,34,0,1,0
Unit 1340,34.99050712,33.71230158,Dimitri Nakassis,Kokkinokremos,<= ankle,70,Unplowed,Compacted,Moderate,None,Cobble (300-75mm),40,0,0,0,0,40,0,0,10,29,1,0,0
Unit 1341,34.99002245,33.71244932,Dimitri Nakassis,Kokkinokremos,<= ankle,80,Unplowed,Compacted,Moderate,None,Cobble (300-75mm),48,0,0,0,0,47,0,0,0,39,0,0,0
Unit 1342,34.98933502,33.71257932,Dimitri Nakassis,Kokkinokremos,<= ankle,80,Unplowed,Compacted,Moderate,None,Cobble (300-75mm),54,0,0,0,0,52,1,0,5,39,2,0,0
Unit 1343,34.98887034,33.71300531,Dimitri Nakassis,Kokkinokremos,<= knee,80,Unplowed,Compacted,Heavy,None,Cobble (300-75mm),22,0,0,0,0,21,1,0,0,16,0,0,0
Unit 1344,34.98909662,33.71394852,Dimitri Nakassis,Kokkinokremos,<= knee,70,Unplowed,Compacted,Moderate,None,Cobble (300-75mm),71,0,0,0,1,69,1,0,11,45,0,0,0
Unit 1345,34.98956749,33.71372209,Dimitri Nakassis,Kokkinokremos,<= knee,70,Unplowed,Compacted,Moderate,None,Cobble (300-75mm),68,0,0,0,0,67,0,0,1,54,6,2,0
Unit 1346,34.98930128,33.71298825,Brandon Olson,Kokkinokremos,<= ankle,70,Plowed,Compacted,Moderate,None,Coarse Gravel (75-19mm),50,0,0,0,0,47,3,0,3,27,5,0,0
Unit 1347,34.99004921,33.71274978,Dimitri Nakassis,Kokkinokremos,<= ankle,70,Plowed,Compacted,,None,Coarse Gravel (75-19mm),37,0,0,0,0,37,0,0,1,34,0,0,0
Unit 1348,34.99056279,33.71262426,Dimitri Nakassis,Kokkinokremos,<= ankle,60,Plowed,Compacted,,None,Coarse Gravel (75-19mm),21,0,0,0,0,21,0,0,3,17,1,0,0
Unit 1349,34.99093056,33.71232284,Dimitri Nakassis,Kokkinokremos,<= ankle,40,Plowed,Compacted,Light,None,Coarse Gravel (75-19mm),23,0,0,1,0,22,0,0,1,17,0,1,0
Unit 1350,34.9913309,33.71196337,Dimitri Nakassis,Kokkinokremos,<= ankle,60,Plowed,Compacted,Moderate,None,Fine Gravel (19-5mm),21,0,0,0,0,17,3,1,1,8,0,6,0
Unit 1351,34.99130302,33.71234221,David K. Pettegrew,Kokkinokremos,<= knee,50,Plowed,Compacted,Heavy,None,Coarse Gravel (75-19mm),19,0,0,0,0,19,0,0,0,17,1,0,0
Unit 1352,34.99143141,33.71279083,David K. Pettegrew,Kokkinokremos,<= knee,60,Plowed,Compacted,Heavy,Light,Fine Gravel (19-5mm),21,0,0,0,0,21,0,0,2,15,0,0,0
Unit 1353,34.99143922,33.71322054,David K. Pettegrew,Kokkinokremos,<= knee,70,Plowed,Compacted,Heavy,Light,Cobble (300-75mm),30,0,0,0,0,28,2,0,10,17,0,0,0
Unit 1354,34.99111843,33.7127326,David K. Pettegrew,Kokkinokremos,<= knee,60,Plowed,Compacted,Heavy,Light,Coarse Gravel (75-19mm),18,0,0,0,0,18,0,0,0,17,0,0,0
Unit 1355,34.99079176,33.7127688,David K. Pettegrew,Kokkinokremos,<= knee,60,Plowed,Compacted,Moderate,Light,Coarse Gravel (75-19mm),18,1,0,0,0,16,1,0,0,15,1,0,0
Unit 1356,34.98872739,33.71380943,William R. Caraher,Kokkinokremos,<= ankle,80,Unplowed,Compacted,Moderate,None,Cobble (300-75mm),71,0,0,0,0,69,1,1,4,52,7,2,0
Unit 1357,34.98848512,33.71326499,William R. Caraher,Kokkinokremos,<= ankle,80,Unplowed,Compacted,Moderate,None,Cobble (300-75mm),41,0,0,0,0,41,0,0,3,33,3,1,0
Unit 1400,34.98337838,33.70746441,David K. Pettegrew,Vigla-Ridge,<= knee,60,Unplowed,Compacted,Moderate,None,Coarse Gravel (75-19mm),246,0,0,0,0,244,2,0,2,60,24,49,0
Unit 1401,34.98329609,33.70676154,David K. Pettegrew,Vigla-Ridge,<= knee,60,Unplowed,Compacted,Moderate,None,Coarse Gravel (75-19mm),210,0,0,0,0,210,0,0,5,24,37,72,0
Unit 1402,34.98330473,33.70617384,David K. Pettegrew,Vigla-Ridge,<= knee,60,Unplowed,Compacted,Moderate,None,Coarse Gravel (75-19mm),180,0,0,0,0,179,1,0,42,11,31,5,0
Unit 1403,34.98335561,33.7056373,David K. Pettegrew,Vigla-Ridge,<= knee,70,Unplowed,Compacted,Moderate,None,Coarse Gravel (75-19mm),136,0,0,0,0,136,0,0,2,42,35,15,0
Unit 1404,34.98396088,33.70555614,David K. Pettegrew,Vigla-Ridge,<= knee,50,Unplowed,Compacted,Light,Light,Coarse Gravel (75-19mm),78,0,0,0,1,77,0,0,1,6,16,24,0
Unit 1450,34.99611834,33.70417215,Matt Dalton,Kazama,<= ankle,90,Plowed,Compacted,Heavy,None,Coarse Gravel (75-19mm),3,0,0,0,0,2,1,0,0,0,1,0,0
Unit 1451,34.99623583,33.70376345,Matt Dalton,Kazama,<= ankle,90,Plowed,Compacted,Heavy,None,Cobble (300-75mm),8,0,0,0,0,7,1,0,0,0,0,0,0
Unit 1452,34.99635524,33.70334005,Matt Dalton,Kazama,<= ankle,90,Plowed,Compacted,Heavy,None,Coarse Gravel (75-19mm),10,0,0,0,0,6,4,0,0,0,0,0,0
Unit 1453,34.99647279,33.70292612,Matt Dalton,Kazama,<= ankle,90,Plowed,Compacted,Heavy,None,Coarse Gravel (75-19mm),6,0,0,0,0,4,2,0,0,0,0,0,1
Unit 1454,34.99659235,33.7025104,Matt Dalton,Kazama,<= ankle,90,Plowed,Compacted,Heavy,None,Coarse Gravel (75-19mm),10,0,0,0,0,9,1,0,0,1,2,0,0
Unit 1455,34.9967199,33.70208839,Matt Dalton,Kazama,<= ankle,90,Plowed,Compacted,Heavy,None,Coarse Gravel (75-19mm),9,0,0,0,0,9,0,0,0,1,2,0,0
Unit 1456,34.99669707,33.7034773,Matt Dalton,Kazama,<= ankle,90,Plowed,Compacted,Heavy,None,Coarse Gravel (75-19mm),6,0,0,0,0,6,0,0,0,0,0,0,0
Unit 1457,34.99681537,33.70306619,Matt Dalton,Kazama,<= ankle,90,Plowed,Compacted,Heavy,None,Coarse Gravel (75-19mm),7,0,0,0,0,5,2,0,0,0,0,0,0
Unit 1458,34.99693196,33.70265321,Matt Dalton,Kazama,<= ankle,90,Plowed,Compacted,Heavy,None,Coarse Gravel (75-19mm),8,0,0,0,0,6,2,0,0,0,1,0,0
Unit 1459,34.99706071,33.70223737,Matt Dalton,Kazama,<= ankle,80,Plowed,Compacted,Heavy,None,Coarse Gravel (75-19mm),3,0,0,0,0,2,1,0,0,2,0,0,0
Unit 1460,34.99739696,33.7023863,Matt Dalton,Kazama,<= ankle,70,Plowed,Compacted,Heavy,None,Coarse Gravel (75-19mm),2,0,0,0,0,1,1,0,0,0,0,0,0
Unit 1461,34.99576757,33.70403569,Matt Dalton,Kazama,<= ankle,80,Plowed,Compacted,Heavy,None,Coarse Gravel (75-19mm),5,0,0,0,0,5,0,0,0,1,0,0,0
Unit 1462,34.99588709,33.70362731,Matt Dalton,Kazama,<= ankle,90,Plowed,Compacted,Heavy,None,Coarse Gravel (75-19mm),7,0,0,0,0,7,0,0,0,0,2,1,0
Unit 1463,34.99600885,33.70320009,Matt Dalton,Kazama,<= ankle,90,Plowed,Compacted,Heavy,None,Coarse Gravel (75-19mm),6,0,0,0,0,4,2,0,0,0,0,0,0
Unit 1464,34.9961358,33.70278103,Matt Dalton,Kazama,<= ankle,90,Plowed,Compacted,Heavy,None,Coarse Gravel (75-19mm),4,0,0,0,1,3,0,0,0,0,1,0,0
Unit 1465,34.99625974,33.70236346,Matt Dalton,Kazama,<= ankle,90,Plowed,Compacted,Heavy,None,Coarse Gravel (75-19mm),10,1,0,0,0,8,1,0,0,0,0,0,0
Unit 1466,34.9963813,33.70194328,Matt Dalton,Kazama,<= ankle,90,Plowed,Compacted,Heavy,None,Coarse Gravel (75-19mm),13,0,0,0,0,12,1,0,1,1,1,0,0
Unit 1467,34.99592814,33.70221124,Matt Dalton,Kazama,<= ankle,70,Plowed,Loose,Heavy,None,Coarse Gravel (75-19mm),6,0,0,0,0,6,0,0,0,1,0,0,0
Unit 1468,34.99559002,33.70206352,Matt Dalton,Kazama,<= ankle,70,Plowed,Compacted,Heavy,None,Coarse Gravel (75-19mm),7,0,0,0,0,6,1,0,0,2,1,0,0
Unit 1469,34.99525652,33.70190783,Matt Dalton,Kazama,<= ankle,90,Plowed,Compacted,Heavy,None,Coarse Gravel (75-19mm),4,0,0,0,0,4,0,0,0,0,0,0,0
Unit 1470,34.99483738,33.70205824,Matt Dalton,Kazama,<= ankle,60,Plowed,Compacted,Heavy,None,Coarse Gravel (75-19mm),4,0,0,0,0,3,1,0,0,0,0,2,0
Unit 1471,34.9944655,33.70200096,Matt Dalton,Kazama,<= ankle,60,Plowed,Compacted,Heavy,None,Coarse Gravel (75-19mm),7,0,0,0,0,6,1,0,0,1,3,0,0
Unit 1472,34.99348295,33.70226768,Matt Dalton,Kazama,<= ankle,90,Plowed,Loose,Moderate,Light,Coarse Gravel (75-19mm),11,0,0,0,0,10,1,0,1,2,4,0,0
Unit 1473,34.99313273,33.70214317,Matt Dalton,Kazama,<= ankle,90,Plowed,Loose,Moderate,Light,Fine Gravel (19-5mm),11,0,0,0,0,11,0,0,0,5,0,0,0
Unit 1474,34.99278396,33.70201683,Matt Dalton,Kazama,<= ankle,90,Plowed,Loose,Heavy,Light,Fine Gravel (19-5mm),24,0,0,0,0,24,0,0,0,1,5,0,0
Unit 1475,34.99243837,33.70189495,Matt Dalton,Kazama,<= ankle,80,Plowed,Loose,Heavy,None,Fine Gravel (19-5mm),20,0,0,0,0,19,1,0,0,3,2,0,0
Unit 1476,34.99199755,33.70220595,Matt Dalton,Kazama,<= ankle,80,Plowed,Loose,Heavy,Light,Fine Gravel (19-5mm),14,0,0,0,1,12,1,0,0,1,3,1,0
Unit 1477,34.99234962,33.70230363,Matt Dalton,Kazama,<= ankle,80,Plowed,Loose,Moderate,Light,Fine Gravel (19-5mm),12,0,0,0,0,11,1,0,0,1,3,0,0
Unit 1478,34.99270775,33.70242416,Matt Dalton,Kazama,<= ankle,90,Plowed,Compacted,Heavy,None,Fine Gravel (19-5mm),6,0,0,0,0,5,1,0,0,0,1,0,0
Unit 1479,34.9930413,33.70255995,Matt Dalton,Kazama,<= ankle,90,Plowed,Loose,Heavy,None,Fine Gravel (19-5mm),22,0,0,0,0,22,0,0,1,2,7,0,0
Unit 1480,34.99337971,33.70268699,Matt Dalton,Kazama,<= ankle,90,Plowed,Loose,Heavy,None,Fine Gravel (19-5mm),20,0,0,0,0,20,0,0,2,3,5,2,0
Unit 1481,34.99294834,33.70298781,Matt Dalton,Kazama,<= ankle,70,Plowed,Compacted,Heavy,None,Fine Gravel (19-5mm),8,0,0,0,0,8,0,0,2,1,3,0,0
Unit 1482,34.99260874,33.70284504,Matt Dalton,Kazama,<= ankle,90,Plowed,Loose,Heavy,None,Fine Gravel (19-5mm),5,0,0,0,0,5,0,0,0,0,2,0,0
Unit 1483,34.99520466,33.70592567,Matt Dalton,Kazama,<= ankle,20,Unplowed,Compacted,Moderate,None,Fine Gravel (19-5mm),22,0,0,0,0,22,0,0,1,1,1,0,0
Unit 1484,34.99539799,33.70558244,Matt Dalton,Kazama,<= ankle,30,Unplowed,Compacted,Moderate,None,Fine Gravel (19-5mm),15,0,0,0,0,14,1,0,0,1,1,0,0
Unit 1485,34.99559748,33.70522887,Matt Dalton,Kazama,<= ankle,10,Unplowed,Compacted,Moderate,None,Fine Gravel (19-5mm),1,0,0,0,0,0,1,0,0,0,0,0,0
Unit 1486,34.99579854,33.70487572,Matt Dalton,Kazama,<= ankle,30,Unplowed,Compacted,Moderate,None,Fine Gravel (19-5mm),1,0,0,0,0,1,0,0,0,0,0,0,0
Unit 1487,34.99599299,33.70454042,Matt Dalton,Kazama,<= ankle,30,Unplowed,Compacted,Heavy,None,Fine Gravel (19-5mm),4,0,0,0,0,4,0,0,0,0,1,0,0
Unit 1488,34.98647412,33.70669742,David K. Pettegrew,Vigla North,<= ankle,70,Plowed,Compacted,Moderate,Light,Coarse Gravel (75-19mm),15,0,0,0,0,15,0,0,1,1,1,2,0
Unit 1489,34.98655266,33.70736766,David K. Pettegrew,Vigla North,<= ankle,70,Plowed,Compacted,Moderate,Light,Fine Gravel (19-5mm),61,0,0,0,0,60,1,0,17,1,12,2,0
Unit 1490,34.98665493,33.70824299,David K. Pettegrew,Vigla North,<= ankle,70,Plowed,Compacted,Moderate,Light,Fine Gravel (19-5mm),111,0,1,0,0,110,0,0,45,6,15,1,0
Unit 1491,34.98675526,33.70912602,David K. Pettegrew,Vigla North,<= ankle,70,Plowed,Compacted,Moderate,Light,Fine Gravel (19-5mm),92,0,0,0,0,91,1,0,34,1,20,1,0
Unit 1492,34.98712234,33.70905072,David K. Pettegrew,Vigla North,<= ankle,80,Plowed,Compacted,Moderate,Light,Fine Gravel (19-5mm),101,0,0,0,0,101,0,0,24,2,16,1,0
Unit 1493,34.98701896,33.70818187,David K. Pettegrew,Vigla North,<= ankle,80,Plowed,Compacted,Moderate,Light,Fine Gravel (19-5mm),103,0,0,0,0,103,0,0,41,4,21,0,0
Unit 1494,34.98690548,33.70729041,David K. Pettegrew,Vigla North,<= ankle,80,Plowed,Compacted,Moderate,Light,Fine Gravel (19-5mm),127,0,0,0,0,127,0,0,42,14,18,2,0
Unit 1495,34.98681814,33.70662734,David K. Pettegrew,Vigla North,<= ankle,80,Plowed,Compacted,Moderate,Light,Fine Gravel (19-5mm),61,0,0,0,0,61,0,0,22,2,11,1,0